Frequency,PhaseNoise
100,-99.19732572
101.8009751,-99.44445583
103.6343854,-100.4727631
105.5008148,-100.7220638
107.4008583,-99.88348382
109.335121,-100.1342572
111.3042193,-100.7628251
113.3087806,-101.0902621
115.3494436,-100.4702831
117.4268583,-100.8592869
119.5416868,-98.73839151
121.6946029,-99.12712632
123.8862924,-99.84081658
126.1174537,-99.95911928
128.3887977,-100.3575858
130.701048,-100.5173469
133.0549413,-100.6683598
135.4512277,-101.0638589
137.8906706,-101.299918
140.3740473,-103.5325199
142.9021489,-103.9091237
145.4757811,-103.6093889
148.0957637,-104.9419036
150.7629316,-105.3060661
153.4781344,-104.4508037
156.2422375,-103.525356
159.0561213,-103.2873994
161.9206824,-103.6174088
164.8368336,-103.4843657
167.805504,-104.8145059
170.8276394,-105.2336914
173.9042027,-104.2844887
177.0361741,-104.6043269
180.2245515,-104.4700848
183.4703509,-104.3186618
186.7746062,-105.1443249
190.1383704,-104.5671431
193.5627151,-103.9886573
197.0487315,-105.0506597
200.5975301,-107.0029483
204.2102417,-107.0316825
207.8880174,-107.4628083
211.6320288,-108.803826
215.443469,-105.149793
219.3235523,-105.2115386
223.2735149,-106.1749261
227.2946153,-108.7288478
231.3881348,-107.4102428
235.5553775,-105.5376469
239.7976713,-107.6522587
244.1163677,-108.4769465
248.5128427,-107.0200936
252.9884972,-107.3181238
257.544757,-106.9978633
262.183074,-106.748789
266.904926,-107.1194697
271.7118173,-108.2230994
276.6052795,-108.5526083
281.5868718,-108.024948
286.6581812,-108.4699379
291.8208238,-108.2719856
297.0764442,-107.6712024
302.426717,-108.1011033
307.873347,-108.6772314
313.4180693,-107.7664566
319.0626508,-108.2939937
324.8088897,-108.9128191
330.658617,-110.1344695
336.6136964,-111.0192545
342.6760253,-109.4927919
348.8475353,-107.5336649
355.1301926,-109.2138471
361.525999,-109.7781779
368.0369923,-108.9766469
374.665247,-109.0555128
381.4128748,-111.0687212
388.2820258,-110.9906365
395.2748885,-108.514871
402.3936909,-110.9037173
409.6407011,-111.4614443
417.0182282,-112.9637679
424.5286227,-110.0811364
432.1742776,-109.2872596
439.9576288,-111.7929806
447.8811562,-112.0842964
455.9473844,-112.6800679
464.1588834,-110.2496395
472.5182694,-110.8047509
481.0282058,-110.3631764
489.6914041,-110.9750914
498.5106245,-112.9587649
507.4886768,-111.6147107
516.6284216,-111.5478557
525.9327709,-112.9485013
535.4046892,-111.1378316
545.0471945,-112.3659127
554.8633588,-113.0491448
564.8563098,-112.7385864
575.0292314,-112.618645
585.3853648,-111.0130581
595.9280096,-111.2806267
606.6605248,-112.6171151
617.5863299,-114.7535414
628.708906,-113.6375444
640.031797,-112.8573192
651.5586104,-113.486704
663.2930188,-115.5062651
675.238761,-112.4470875
687.3996431,-113.3463496
699.7795397,-113.8933883
712.382395,-113.1317385
725.2122247,-112.6060726
738.2731164,-114.1803753
751.5692316,-114.627492
765.1048064,-115.8137816
778.8841536,-115.1605615
792.9116634,-114.2908211
807.1918052,-115.1782641
821.7291288,-113.9917153
836.5282659,-115.2781115
851.5939318,-114.8378757
866.9309266,-115.3516918
882.5441369,-113.4114201
898.4385372,-114.5635819
914.6191917,-114.8333477
931.0912558,-114.421409
947.8599777,-114.0187216
964.9307,-115.8215524
982.3088618,-115.1648595
1000,-115.6538532
1018.009751,-115.8272576
1036.343854,-115.2704168
1055.008148,-114.9563343
1074.008583,-115.7103146
1093.35121,-114.8431904
1113.042193,-115.5576912
1133.087806,-115.9587636
1153.494436,-114.5475126
1174.268583,-116.7952513
1195.416868,-114.9489045
1216.946029,-114.8113003
1238.862924,-116.7377592
1261.174537,-116.5468195
1283.887977,-116.0511642
1307.01048,-116.5997474
1330.549413,-116.1823152
1354.512277,-115.3577968
1378.906706,-116.7141453
1403.740473,-116.8823644
1429.021489,-115.8919432
1454.757811,-117.513035
1480.957637,-116.4383073
1507.629316,-116.5690317
1534.781344,-115.8682891
1562.422375,-116.888173
1590.561213,-116.7719136
1619.206824,-117.0648185
1648.368336,-117.2331568
1678.05504,-116.7855186
1708.276394,-116.9894944
1739.042027,-117.0398482
1770.361741,-116.8086888
1802.245515,-117.3674655
1834.703509,-117.8116157
1867.746062,-117.1504236
1901.383704,-117.0989981
1935.627151,-117.6387874
1970.487315,-117.4444859
2005.975301,-117.6404986
2042.102417,-117.7881594
2078.880174,-117.7971198
2116.320288,-118.3256245
2154.43469,-117.7826977
2193.235523,-117.2379903
2232.735149,-117.5661577
2272.946153,-118.5915506
2313.881348,-118.0531499
2355.553775,-118.4466866
2397.976713,-118.4765656
2441.163677,-118.8329595
2485.128427,-118.8494489
2529.884972,-118.6812053
2575.44757,-119.2733704
2621.83074,-120.0060651
2669.04926,-119.3171979
2717.118173,-118.7824293
2766.052795,-118.6550292
2815.868718,-119.0998338
2866.581812,-119.306136
2918.208238,-119.049114
2970.764442,-118.5783357
3024.26717,-118.9307708
3078.73347,-119.3107216
3134.180693,-119.1080436
3190.626508,-119.7020147
3248.088897,-119.2433795
3306.58617,-119.5404304
3366.136964,-119.2386153
3426.760253,-119.164234
3488.475353,-118.8912414
3551.301926,-120.2486565
3615.25999,-119.7066636
3680.369923,-119.9238725
3746.65247,-119.5604904
3814.128748,-120.0759703
3882.820258,-119.4186213
3952.748885,-119.7579528
4023.936909,-120.1483737
4096.407011,-120.6987401
4170.182282,-120.2657288
4245.286227,-120.3946413
4321.742776,-120.6036803
4399.576288,-119.8652585
4478.811562,-119.957071
4559.473844,-120.3245536
4641.588834,-119.8168256
4725.182694,-120.2550763
4810.282058,-120.2931586
4896.914041,-120.6174802
4985.106245,-120.7538895
5074.886768,-120.5551966
5166.284216,-120.6558068
5259.327709,-120.4529645
5354.046892,-120.9221234
5450.471945,-121.1932042
5548.633588,-120.8198169
5648.563098,-120.500178
5750.292314,-121.3378724
5853.853648,-121.2664827
5959.280096,-120.9563022
6066.605248,-121.2009737
6175.863299,-121.9162261
6287.08906,-121.136131
6400.31797,-121.1414334
6515.586104,-121.351558
6632.930188,-121.5732106
6752.38761,-121.486978
6873.996431,-121.4883579
6997.795397,-121.4518079
7123.82395,-121.755828
7252.122247,-121.389087
7382.731164,-121.3875176
7515.692316,-121.1812401
7651.048064,-121.645121
7788.841536,-121.7972272
7929.116634,-121.8554662
8071.918052,-122.1246292
8217.291288,-122.0154648
8365.282659,-122.1320399
8515.939318,-122.2941801
8669.309266,-121.8203673
8825.441369,-122.2320118
8984.385372,-122.4221384
9146.191917,-122.6992408
9310.912558,-122.5949983
9478.599777,-122.6041726
9649.307,-122.6672531
9823.088618,-122.4662326
10000,-122.9158069
10180.09751,-122.7895703
10363.43854,-122.8576564
10550.08148,-122.6688903
10740.08583,-123.0287834
10933.5121,-123.2990759
11130.42193,-123.0430187
11330.87806,-123.1967904
11534.94436,-123.0419135
11742.68583,-122.9054908
11954.16868,-123.067779
12169.46029,-122.980394
12388.62924,-123.3726853
12611.74537,-123.1151643
12838.87977,-123.1974668
13070.1048,-123.5309043
13305.49413,-123.5157859
13545.12277,-123.5002184
13789.06706,-123.6460428
14037.40473,-123.6824764
14290.21489,-123.6695037
14547.57811,-123.5346682
14809.57637,-123.5654451
15076.29316,-123.8385944
15347.81344,-123.8817481
15624.22375,-123.9816481
15905.61213,-123.7672752
16192.06824,-123.7492099
16483.68336,-124.0275371
16780.5504,-124.2175861
17082.76394,-124.1893851
17390.42027,-124.0188961
17703.61741,-123.9730165
18022.45515,-124.1521488
18347.03509,-124.5590976
18677.46062,-124.5906052
19013.83704,-124.5926807
19356.27151,-124.4020481
19704.87315,-124.2544928
20059.75301,-124.2476518
20421.02417,-124.3462129
20788.80174,-124.468141
21163.20288,-124.4385216
21544.3469,-124.2853105
21932.35523,-124.555786
22327.35149,-124.6960847
22729.46153,-124.7922958
23138.81348,-124.8722597
23555.53775,-124.91232
23979.76713,-124.6674415
24411.63677,-124.7328324
24851.28427,-124.9601457
25298.84972,-124.9967007
25754.4757,-124.7399985
26218.3074,-124.958422
26690.4926,-124.7560688
27171.18173,-124.8938439
27660.52795,-125.0408952
28158.68718,-125.1545443
28665.81812,-125.2799086
29182.08238,-125.1747453
29707.64442,-125.0412221
30242.6717,-125.1832357
30787.3347,-125.4267965
31341.80693,-125.3684296
31906.26508,-125.3783804
32480.88897,-125.2911555
33065.8617,-125.4954675
33661.36964,-125.5350556
34267.60253,-125.3688474
34884.75353,-125.4341468
35513.01926,-125.3882833
36152.5999,-125.5298422
36803.69923,-125.6358253
37466.5247,-125.8393153
38141.28748,-125.7255007
38828.20258,-125.6795604
39527.48885,-125.8559638
40239.36909,-125.9759977
40964.07011,-125.8381007
41701.82282,-125.9674953
42452.86227,-126.0564712
43217.42776,-125.9855725
43995.76288,-126.0543894
44788.11562,-125.9738436
45594.73844,-126.0992373
46415.88834,-126.2775334
47251.82694,-126.331707
48102.82058,-126.4214945
48969.14041,-126.3373258
49851.06245,-126.5923599
50748.86768,-126.7532678
51662.84216,-126.6816224
52593.27709,-126.6804952
53540.46892,-126.7234743
54504.71945,-126.8704122
55486.33588,-127.0494794
56485.63098,-126.9379268
57502.92314,-126.9957434
58538.53648,-127.1768266
59592.80096,-127.2700455
60666.05248,-127.1596958
61758.63299,-127.2190301
62870.8906,-127.2347924
64003.1797,-127.4911317
65155.86104,-127.532338
66329.30188,-127.467595
67523.8761,-127.6314495
68739.96431,-127.6897767
69977.95397,-127.7887361
71238.2395,-127.8185396
72521.22247,-127.6860275
73827.31164,-127.9393579
75156.92316,-128.0849422
76510.48064,-128.0520148
77888.41536,-128.2775368
79291.16634,-128.2850376
80719.18052,-128.3440215
82172.91288,-128.3427727
83652.82659,-128.4231979
85159.39318,-128.4930497
86693.09266,-128.7033331
88254.41369,-128.8843785
89843.85372,-128.8712625
91461.91917,-128.9215816
93109.12558,-128.9533221
94785.99777,-129.175935
96493.07,-129.1328653
98230.88618,-129.3528685
100000,-129.3143481
101800.9751,-129.4201975
103634.3854,-129.4968006
105500.8148,-129.6020222
107400.8583,-129.7833321
109335.121,-129.8355414
111304.2193,-129.8570378
113308.7806,-129.9865522
115349.4436,-130.1842825
117426.8583,-130.2499761
119541.6868,-130.2690046
121694.6029,-130.3507509
123886.2924,-130.4874702
126117.4537,-130.5190562
128388.7977,-130.6226197
130701.048,-130.7841517
133054.9413,-130.8718445
135451.2277,-130.9283204
137890.6706,-131.0326379
140374.0473,-130.2297257
142902.1489,-131.3367734
145475.7811,-131.3721211
148095.7637,-131.5093883
150762.9316,-131.604883
153478.1344,-131.6902686
156242.2375,-131.7798985
159056.1213,-131.8423775
161920.6824,-132.0339718
164836.8336,-132.1772206
167805.504,-132.2537991
170827.6394,-132.3687203
173904.2027,-132.4060079
177036.1741,-132.5628796
180224.5515,-132.6994853
183470.3509,-132.8156961
186774.6062,-132.9206198
190138.3704,-133.0669622
193562.7151,-133.1912529
197048.7315,-133.2169427
200597.5301,-133.3465225
204210.2417,-132.480671
207888.0174,-133.1728032
211632.0288,-133.6869386
215443.469,-133.7283082
219323.5523,-133.6407772
223273.5149,-133.7934132
227294.6153,-133.2106381
231388.1348,-133.385973
235555.3775,-134.1836611
239797.6713,-134.3589392
244116.3677,-134.5496595
248512.8427,-134.6651496
252988.4972,-134.7444285
257544.757,-134.8554505
262183.074,-134.8991953
266904.926,-135.0704683
271711.8173,-135.0984537
276605.2795,-135.2514016
281586.8718,-135.4488178
286658.1812,-135.5161383
291820.8238,-135.6152753
297076.4442,-135.8548118
302426.717,-135.9692679
307873.347,-135.9945822
313418.0693,-136.126881
319062.6508,-136.1462204
324808.8897,-136.1291122
330658.617,-136.4225456
336613.6964,-136.5228203
342676.0253,-135.9742145
348847.5353,-136.7536817
355130.1926,-136.7760568
361525.999,-136.9734687
368036.9923,-137.0141593
374665.247,-137.1216244
381412.8748,-137.1854875
388282.0258,-137.3606675
395274.8885,-137.4555911
402393.6909,-137.5425278
409640.7011,-137.5610421
417018.2282,-137.7527628
424528.6227,-137.8648983
432174.2776,-138.0564854
439957.6288,-138.1957958
447881.1562,-138.2518753
455947.3844,-138.3047672
464158.8834,-138.3796845
472518.2694,-138.4139898
481028.2058,-138.3083532
489691.4041,-138.6320838
498510.6245,-138.7687974
507488.6768,-138.8512264
516628.4216,-138.8694802
525932.7709,-139.0191044
535404.6892,-139.0362336
545047.1945,-137.9656748
554863.3588,-139.0972819
564856.3098,-139.4264722
575029.2314,-139.5033529
585385.3648,-139.5376526
595928.0096,-139.6569064
606660.5248,-139.7574355
617586.3299,-139.7456057
628708.906,-139.9583923
640031.797,-139.982286
651558.6104,-140.0342731
663293.0188,-140.1727191
675238.761,-140.229116
687399.6431,-140.2307585
699779.5397,-140.4208863
712382.395,-140.5532888
725212.2247,-140.6024025
738273.1164,-140.7110639
751569.2316,-140.7171024
765104.8064,-140.8191749
778884.1536,-140.8882868
792911.6634,-140.9193462
807191.8052,-140.9891132
821729.1288,-140.9900348
836528.2659,-141.096171
851593.9318,-141.2355039
866930.9266,-141.3448323
882544.1369,-141.4456302
898438.5372,-141.5656001
914619.1917,-141.6325465
931091.2558,-141.6736706
947859.9777,-141.6594054
964930.7,-141.6922384
982308.8618,-141.7578704
1000000,-141.8785566
1018009.751,-141.980144
1036343.854,-142.0148251
1055008.148,-142.1262257
1074008.583,-141.0006211
1093351.21,-142.1773104
1113042.193,-140.6094557
1133087.806,-142.4469519
1153494.436,-142.5891948
1174268.583,-142.7042736
1195416.868,-142.7778042
1216946.029,-142.8394691
1238862.924,-142.9439099
1261174.537,-142.9820849
1283887.977,-143.0622148
1307010.48,-143.175163
1330549.413,-143.2427891
1354512.277,-143.2679484
1378906.706,-143.4440688
1403740.473,-143.5319079
1429021.489,-143.6233913
1454757.811,-143.6924538
1480957.637,-143.7095657
1507629.316,-143.7506906
1534781.344,-143.8190822
1562422.375,-143.975745
1590561.213,-144.0505035
1619206.824,-144.1475445
1648368.336,-144.1333342
1678055.04,-144.2215119
1708276.394,-144.338966
1739042.027,-144.4050147
1770361.741,-144.5345556
1802245.515,-144.5998753
1834703.509,-144.7361098
1867746.062,-144.7631995
1901383.704,-144.8000753
1935627.151,-144.9025885
1970487.315,-144.9481644
2005975.301,-145.1431426
2042102.417,-145.1743594
2078880.174,-145.2600425
2116320.288,-145.2659795
2154434.69,-145.3622471
2193235.523,-145.052561
2232735.149,-145.4668488
2272946.153,-145.5645277
2313881.348,-145.6588505
2355553.775,-145.6722957
2397976.713,-145.7911816
2441163.677,-145.8699691
2485128.427,-145.8954652
2529884.972,-145.9817687
2575447.57,-146.1027365
2621830.74,-146.160752
2669049.26,-146.1965194
2717118.173,-146.2445145
2766052.795,-146.3158801
2815868.718,-146.3628294
2866581.812,-146.3579019
2918208.238,-146.4618867
2970764.442,-146.498152
3024267.17,-146.5627664
3078733.47,-146.6673491
3134180.693,-146.7500451
3190626.508,-146.7760058
3248088.897,-146.8234191
3306586.17,-146.8600064
3366136.964,-146.9749662
3426760.253,-147.0733714
3488475.353,-147.1661692
3551301.926,-147.1813385
3615259.99,-147.2048865
3680369.923,-147.2421437
3746652.47,-147.3232955
3814128.748,-147.4041472
3882820.258,-147.3255791
3952748.885,-147.494713
4023936.909,-147.5216135
4096407.011,-147.6179852
4170182.282,-147.6363594
4245286.227,-147.7016802
4321742.776,-147.7463733
4399576.288,-147.5898182
4478811.562,-147.8176406
4559473.844,-147.8442508
4641588.834,-147.908876
4725182.694,-147.9350593
4810282.058,-147.9782553
4896914.041,-147.9707868
4985106.245,-147.922013
5074886.768,-148.094948
5166284.216,-148.2319395
5259327.709,-148.2422365
5354046.892,-148.2513056
5450471.945,-148.3990842
5548633.588,-148.44375
5648563.098,-148.5373131
5750292.314,-148.5888551
5853853.648,-148.4449948
5959280.096,-148.6658318
6066605.248,-148.6864343
6175863.299,-148.7648173
6287089.06,-148.8409582
6400317.97,-148.6873548
6515586.104,-148.681472
6632930.188,-148.6831915
6752387.61,-148.675938
6873996.431,-148.9618616
6997795.397,-148.9543701
7123823.95,-149.0936589
7252122.247,-149.0854489
7382731.164,-148.3073394
7515692.316,-148.8706139
7651048.064,-148.9112809
7788841.536,-147.3422977
7929116.634,-147.3307054
8071918.052,-149.162513
8217291.288,-149.1545621
8365282.659,-149.545682
8515939.318,-149.4368967
8669309.266,-149.4285556
8825441.369,-149.4309316
8984385.372,-149.7011953
9146191.917,-149.6949635
9310912.558,-149.624839
9478599.777,-149.6494454
9649307,-149.7902105
9823088.618,-149.8269158
10000000,-149.8803193
10180097.51,-149.9204891
10363438.54,-149.9164566
10550081.48,-150.2650988
10740085.83,-150.2679374
10933512.1,-150.2007918
11130421.93,-150.1964775
11330878.06,-150.3247224
11534944.36,-150.2867722
11742685.83,-149.933324
11954168.68,-150.2760351
12169460.29,-150.50061
12388629.24,-150.6337828
12611745.37,-150.7182839
12838879.77,-150.6834324
13070104.8,-150.4888037
13305494.13,-150.4836775
13545122.77,-150.5553553
13789067.06,-150.8345201
14037404.73,-150.8847507
14290214.89,-150.9468073
14547578.11,-150.9649517
14809576.37,-149.5845552
15076293.16,-150.7995639
15347813.44,-150.8376673
15624223.75,-150.859801
15905612.13,-150.8876817
16192068.24,-150.8052876
16483683.36,-151.0398715
16780550.4,-151.3049885
17082763.94,-151.1439256
17390420.27,-150.5209733
17703617.41,-151.1308733
18022455.15,-151.4990276
18347035.09,-151.5184547
18677460.62,-151.1482406
19013837.04,-151.1686921
19356271.51,-151.1763678
19704873.15,-151.1278934
20059753.01,-151.1561527
20421024.17,-151.5821825
20788801.74,-151.6104885
21163202.88,-151.6044442
21544346.9,-150.8084313
21932355.23,-151.2683495
22327351.49,-151.6607235
22729461.53,-150.779464
23138813.48,-150.986928
23555537.75,-149.7873256
23979767.13,-151.6590188
24411636.77,-151.7408908
24851284.27,-152.0360142
25298849.72,-152.191477
25754475.7,-152.3912968
26218307.4,-152.4051671
26690492.6,-152.5081951
27171181.73,-151.7095178
27660527.95,-152.3588338
28158687.18,-152.5434362
28665818.12,-152.1620378
29182082.38,-152.088139
29707644.42,-151.2537937
30242671.7,-152.2067735
30787334.7,-151.9593703
31341806.93,-152.1605091
31906265.08,-150.8090236
32480888.97,-151.9664131
33065861.7,-152.2577933
33661369.64,-152.3671876
34267602.53,-152.4688225
34884753.53,-152.3220687
35513019.26,-152.4743029
36152599.9,-152.4350727
36803699.23,-152.5511809
37466524.7,-152.4188955
38141287.48,-152.3464664
38828202.58,-152.3323838
39527488.85,-152.3542958
40000000,-152.2962484
