"freq(VT("/DIV") "rising" ?xName "time" ?mode "auto" ?threshold 0.5) (modelFiles=crn65gplus_2d5_lk_v1d0.scs:ss_bip,crn65gplus_2d5_lk_v1d0.scs:ss_dio,crn65gplus_2d5_lk_v1d0.scs:ss_dio_33,crn65gplus_2d5_lk_v1d0.scs:ss_mim,crn65gplus_2d5_lk_v1d0.scs:ss_dio_dnw,crn65gplus_2d5_lk_v1d0.scs:ss_dio_18,crn65gplus_2d5_lk_v1d0.scs:ss_bip_npn,crn65gplus_2d5_lk_v1d0.scs:ss_33,crn65gplus_2d5_lk_v1d0.scs:ss_rfrtmom,crn65gplus_2d5_lk_v1d0.scs:ss_mos_cap_25,crn65gplus_2d5_lk_v1d0.scs:ss_18,crn65gplus_2d5_lk_v1d0.scs:ss_disres,crn65gplus_2d5_lk_v1d0.scs:ss_res,crn65gplus_2d5_lk_v1d0.scs:ss_dio_na,crn65gplus_2d5_lk_v1d0.scs:ss_rfmos_33,crn65gplus_2d5_lk_v1d0.scs:ss_dio_hvt,crn65gplus_2d5_lk_v1d0.scs:ss_rfmvar,crn65gplus_2d5_lk_v1d0.scs:ss_rfmos_18,crn65gplus_2d5_lk_v1d0.scs:ss_na,crn65gplus_2d5_lk_v1d0.scs:ss_dio_na33,crn65gplus_2d5_lk_v1d0.scs:ss_dio_lvt,crn65gplus_2d5_lk_v1d0.scs:ss_rfres_sa,crn65gplus_2d5_lk_v1d0.scs:ss_na33,crn65gplus_2d5_lk_v1d0.scs:ss_dio_esd,crn65gplus_2d5_lk_v1d0.scs:ss_rfmim,crn65gplus_2d5_lk_v1d0.scs:ss_dio_25od33,crn65gplus_2d5_lk_v1d0.scs:ss_25od33,crn65gplus_2d5_lk_v1d0.scs:ss,crn65gplus_2d5_lk_v1d0.scs:ss_mos_cap,crn65gplus_2d5_lk_v1d0.scs:ss_dio_25,crn65gplus_2d5_lk_v1d0.scs:ss_dio_25ud18,crn65gplus_2d5_lk_v1d0.scs:ss_25,crn65gplus_2d5_lk_v1d0.scs:ss_rfmos,crn65gplus_2d5_lk_v1d0.scs:ss_25ud18,crn65gplus_2d5_lk_v1d0.scs:ss_dio_na25od33,crn65gplus_2d5_lk_v1d0.scs:ss_rfjvar,crn65gplus_2d5_lk_v1d0.scs:ss_rfmos_25,crn65gplus_2d5_lk_v1d0.scs:ss_rtmom,crn65gplus_2d5_lk_v1d0.scs:ss_na25od33,crn65gplus_2d5_lk_v1d0.scs:ss_dio_na25,crn65gplus_2d5_lk_v1d0.scs:ss_rfres_rpo,crn65gplus_2d5_lk_v1d0.scs:ss_hvt,crn65gplus_2d5_lk_v1d0.scs:ss_rfind,crn65gplus_2d5_lk_v1d0.scs:ss_rfmvar_25,crn65gplus_2d5_lk_v1d0.scs:ss_na25,crn65gplus_2d5_lk_v1d0.scs:ss_lvt,pre_simu.scs:pre_simu,VDD=0.9,ICP=0.00032,DVCO=3,temperature=125) X","freq(VT("/DIV") "rising" ?xName "time" ?mode "auto" ?threshold 0.5) (modelFiles=crn65gplus_2d5_lk_v1d0.scs:ss_bip,crn65gplus_2d5_lk_v1d0.scs:ss_dio,crn65gplus_2d5_lk_v1d0.scs:ss_dio_33,crn65gplus_2d5_lk_v1d0.scs:ss_mim,crn65gplus_2d5_lk_v1d0.scs:ss_dio_dnw,crn65gplus_2d5_lk_v1d0.scs:ss_dio_18,crn65gplus_2d5_lk_v1d0.scs:ss_bip_npn,crn65gplus_2d5_lk_v1d0.scs:ss_33,crn65gplus_2d5_lk_v1d0.scs:ss_rfrtmom,crn65gplus_2d5_lk_v1d0.scs:ss_mos_cap_25,crn65gplus_2d5_lk_v1d0.scs:ss_18,crn65gplus_2d5_lk_v1d0.scs:ss_disres,crn65gplus_2d5_lk_v1d0.scs:ss_res,crn65gplus_2d5_lk_v1d0.scs:ss_dio_na,crn65gplus_2d5_lk_v1d0.scs:ss_rfmos_33,crn65gplus_2d5_lk_v1d0.scs:ss_dio_hvt,crn65gplus_2d5_lk_v1d0.scs:ss_rfmvar,crn65gplus_2d5_lk_v1d0.scs:ss_rfmos_18,crn65gplus_2d5_lk_v1d0.scs:ss_na,crn65gplus_2d5_lk_v1d0.scs:ss_dio_na33,crn65gplus_2d5_lk_v1d0.scs:ss_dio_lvt,crn65gplus_2d5_lk_v1d0.scs:ss_rfres_sa,crn65gplus_2d5_lk_v1d0.scs:ss_na33,crn65gplus_2d5_lk_v1d0.scs:ss_dio_esd,crn65gplus_2d5_lk_v1d0.scs:ss_rfmim,crn65gplus_2d5_lk_v1d0.scs:ss_dio_25od33,crn65gplus_2d5_lk_v1d0.scs:ss_25od33,crn65gplus_2d5_lk_v1d0.scs:ss,crn65gplus_2d5_lk_v1d0.scs:ss_mos_cap,crn65gplus_2d5_lk_v1d0.scs:ss_dio_25,crn65gplus_2d5_lk_v1d0.scs:ss_dio_25ud18,crn65gplus_2d5_lk_v1d0.scs:ss_25,crn65gplus_2d5_lk_v1d0.scs:ss_rfmos,crn65gplus_2d5_lk_v1d0.scs:ss_25ud18,crn65gplus_2d5_lk_v1d0.scs:ss_dio_na25od33,crn65gplus_2d5_lk_v1d0.scs:ss_rfjvar,crn65gplus_2d5_lk_v1d0.scs:ss_rfmos_25,crn65gplus_2d5_lk_v1d0.scs:ss_rtmom,crn65gplus_2d5_lk_v1d0.scs:ss_na25od33,crn65gplus_2d5_lk_v1d0.scs:ss_dio_na25,crn65gplus_2d5_lk_v1d0.scs:ss_rfres_rpo,crn65gplus_2d5_lk_v1d0.scs:ss_hvt,crn65gplus_2d5_lk_v1d0.scs:ss_rfind,crn65gplus_2d5_lk_v1d0.scs:ss_rfmvar_25,crn65gplus_2d5_lk_v1d0.scs:ss_na25,crn65gplus_2d5_lk_v1d0.scs:ss_lvt,pre_simu.scs:pre_simu,VDD=0.9,ICP=0.00032,DVCO=3,temperature=125) Y","freq(VT("/DIV") "rising" ?xName "time" ?mode "auto" ?threshold 0.5) (modelFiles=crn65gplus_2d5_lk_v1d0.scs:tt_bip,crn65gplus_2d5_lk_v1d0.scs:tt_dio,crn65gplus_2d5_lk_v1d0.scs:tt_dio_33,crn65gplus_2d5_lk_v1d0.scs:tt_mim,crn65gplus_2d5_lk_v1d0.scs:tt_dio_dnw,crn65gplus_2d5_lk_v1d0.scs:tt_dio_18,crn65gplus_2d5_lk_v1d0.scs:tt_bip_npn,crn65gplus_2d5_lk_v1d0.scs:tt_33,crn65gplus_2d5_lk_v1d0.scs:tt_rfrtmom,crn65gplus_2d5_lk_v1d0.scs:tt_mos_cap_25,crn65gplus_2d5_lk_v1d0.scs:tt_18,crn65gplus_2d5_lk_v1d0.scs:tt_disres,crn65gplus_2d5_lk_v1d0.scs:tt_res,crn65gplus_2d5_lk_v1d0.scs:tt_dio_na,crn65gplus_2d5_lk_v1d0.scs:tt_rfmos_33,crn65gplus_2d5_lk_v1d0.scs:tt_dio_hvt,crn65gplus_2d5_lk_v1d0.scs:tt_rfmvar,crn65gplus_2d5_lk_v1d0.scs:tt_rfmos_18,crn65gplus_2d5_lk_v1d0.scs:tt_na,crn65gplus_2d5_lk_v1d0.scs:tt_dio_na33,crn65gplus_2d5_lk_v1d0.scs:tt_dio_lvt,crn65gplus_2d5_lk_v1d0.scs:tt_rfres_sa,crn65gplus_2d5_lk_v1d0.scs:tt_na33,crn65gplus_2d5_lk_v1d0.scs:tt_dio_esd,crn65gplus_2d5_lk_v1d0.scs:tt_rfmim,crn65gplus_2d5_lk_v1d0.scs:tt_dio_25od33,crn65gplus_2d5_lk_v1d0.scs:tt_25od33,crn65gplus_2d5_lk_v1d0.scs:tt,crn65gplus_2d5_lk_v1d0.scs:tt_mos_cap,crn65gplus_2d5_lk_v1d0.scs:tt_dio_25,crn65gplus_2d5_lk_v1d0.scs:tt_dio_25ud18,crn65gplus_2d5_lk_v1d0.scs:tt_25,crn65gplus_2d5_lk_v1d0.scs:tt_rfmos,crn65gplus_2d5_lk_v1d0.scs:tt_25ud18,crn65gplus_2d5_lk_v1d0.scs:tt_dio_na25od33,crn65gplus_2d5_lk_v1d0.scs:tt_rfjvar,crn65gplus_2d5_lk_v1d0.scs:tt_rfmos_25,crn65gplus_2d5_lk_v1d0.scs:tt_rtmom,crn65gplus_2d5_lk_v1d0.scs:tt_na25od33,crn65gplus_2d5_lk_v1d0.scs:tt_dio_na25,crn65gplus_2d5_lk_v1d0.scs:tt_rfres_rpo,crn65gplus_2d5_lk_v1d0.scs:tt_hvt,crn65gplus_2d5_lk_v1d0.scs:tt_rfind,crn65gplus_2d5_lk_v1d0.scs:tt_rfmvar_25,crn65gplus_2d5_lk_v1d0.scs:tt_na25,crn65gplus_2d5_lk_v1d0.scs:tt_lvt,pre_simu.scs:pre_simu,VDD=1,ICP=0.00015,DVCO=2,temperature=60) X","freq(VT("/DIV") "rising" ?xName "time" ?mode "auto" ?threshold 0.5) (modelFiles=crn65gplus_2d5_lk_v1d0.scs:tt_bip,crn65gplus_2d5_lk_v1d0.scs:tt_dio,crn65gplus_2d5_lk_v1d0.scs:tt_dio_33,crn65gplus_2d5_lk_v1d0.scs:tt_mim,crn65gplus_2d5_lk_v1d0.scs:tt_dio_dnw,crn65gplus_2d5_lk_v1d0.scs:tt_dio_18,crn65gplus_2d5_lk_v1d0.scs:tt_bip_npn,crn65gplus_2d5_lk_v1d0.scs:tt_33,crn65gplus_2d5_lk_v1d0.scs:tt_rfrtmom,crn65gplus_2d5_lk_v1d0.scs:tt_mos_cap_25,crn65gplus_2d5_lk_v1d0.scs:tt_18,crn65gplus_2d5_lk_v1d0.scs:tt_disres,crn65gplus_2d5_lk_v1d0.scs:tt_res,crn65gplus_2d5_lk_v1d0.scs:tt_dio_na,crn65gplus_2d5_lk_v1d0.scs:tt_rfmos_33,crn65gplus_2d5_lk_v1d0.scs:tt_dio_hvt,crn65gplus_2d5_lk_v1d0.scs:tt_rfmvar,crn65gplus_2d5_lk_v1d0.scs:tt_rfmos_18,crn65gplus_2d5_lk_v1d0.scs:tt_na,crn65gplus_2d5_lk_v1d0.scs:tt_dio_na33,crn65gplus_2d5_lk_v1d0.scs:tt_dio_lvt,crn65gplus_2d5_lk_v1d0.scs:tt_rfres_sa,crn65gplus_2d5_lk_v1d0.scs:tt_na33,crn65gplus_2d5_lk_v1d0.scs:tt_dio_esd,crn65gplus_2d5_lk_v1d0.scs:tt_rfmim,crn65gplus_2d5_lk_v1d0.scs:tt_dio_25od33,crn65gplus_2d5_lk_v1d0.scs:tt_25od33,crn65gplus_2d5_lk_v1d0.scs:tt,crn65gplus_2d5_lk_v1d0.scs:tt_mos_cap,crn65gplus_2d5_lk_v1d0.scs:tt_dio_25,crn65gplus_2d5_lk_v1d0.scs:tt_dio_25ud18,crn65gplus_2d5_lk_v1d0.scs:tt_25,crn65gplus_2d5_lk_v1d0.scs:tt_rfmos,crn65gplus_2d5_lk_v1d0.scs:tt_25ud18,crn65gplus_2d5_lk_v1d0.scs:tt_dio_na25od33,crn65gplus_2d5_lk_v1d0.scs:tt_rfjvar,crn65gplus_2d5_lk_v1d0.scs:tt_rfmos_25,crn65gplus_2d5_lk_v1d0.scs:tt_rtmom,crn65gplus_2d5_lk_v1d0.scs:tt_na25od33,crn65gplus_2d5_lk_v1d0.scs:tt_dio_na25,crn65gplus_2d5_lk_v1d0.scs:tt_rfres_rpo,crn65gplus_2d5_lk_v1d0.scs:tt_hvt,crn65gplus_2d5_lk_v1d0.scs:tt_rfind,crn65gplus_2d5_lk_v1d0.scs:tt_rfmvar_25,crn65gplus_2d5_lk_v1d0.scs:tt_na25,crn65gplus_2d5_lk_v1d0.scs:tt_lvt,pre_simu.scs:pre_simu,VDD=1,ICP=0.00015,DVCO=2,temperature=60) Y","freq(VT("/DIV") "rising" ?xName "time" ?mode "auto" ?threshold 0.5) (modelFiles=crn65gplus_2d5_lk_v1d0.scs:ff_bip,crn65gplus_2d5_lk_v1d0.scs:ff_dio,crn65gplus_2d5_lk_v1d0.scs:ff_dio_33,crn65gplus_2d5_lk_v1d0.scs:ff_mim,crn65gplus_2d5_lk_v1d0.scs:ff_dio_dnw,crn65gplus_2d5_lk_v1d0.scs:ff_dio_18,crn65gplus_2d5_lk_v1d0.scs:ff_bip_npn,crn65gplus_2d5_lk_v1d0.scs:ff_33,crn65gplus_2d5_lk_v1d0.scs:ff_rfrtmom,crn65gplus_2d5_lk_v1d0.scs:ff_mos_cap_25,crn65gplus_2d5_lk_v1d0.scs:ff_18,crn65gplus_2d5_lk_v1d0.scs:ff_disres,crn65gplus_2d5_lk_v1d0.scs:ff_res,crn65gplus_2d5_lk_v1d0.scs:ff_dio_na,crn65gplus_2d5_lk_v1d0.scs:ff_rfmos_33,crn65gplus_2d5_lk_v1d0.scs:ff_dio_hvt,crn65gplus_2d5_lk_v1d0.scs:ff_rfmvar,crn65gplus_2d5_lk_v1d0.scs:ff_rfmos_18,crn65gplus_2d5_lk_v1d0.scs:ff_na,crn65gplus_2d5_lk_v1d0.scs:ff_dio_na33,crn65gplus_2d5_lk_v1d0.scs:ff_dio_lvt,crn65gplus_2d5_lk_v1d0.scs:ff_rfres_sa,crn65gplus_2d5_lk_v1d0.scs:ff_na33,crn65gplus_2d5_lk_v1d0.scs:ff_dio_esd,crn65gplus_2d5_lk_v1d0.scs:ff_rfmim,crn65gplus_2d5_lk_v1d0.scs:ff_dio_25od33,crn65gplus_2d5_lk_v1d0.scs:ff_25od33,crn65gplus_2d5_lk_v1d0.scs:ff,crn65gplus_2d5_lk_v1d0.scs:ff_mos_cap,crn65gplus_2d5_lk_v1d0.scs:ff_dio_25,crn65gplus_2d5_lk_v1d0.scs:ff_dio_25ud18,crn65gplus_2d5_lk_v1d0.scs:ff_25,crn65gplus_2d5_lk_v1d0.scs:ff_rfmos,crn65gplus_2d5_lk_v1d0.scs:ff_25ud18,crn65gplus_2d5_lk_v1d0.scs:ff_dio_na25od33,crn65gplus_2d5_lk_v1d0.scs:ff_rfjvar,crn65gplus_2d5_lk_v1d0.scs:ff_rfmos_25,crn65gplus_2d5_lk_v1d0.scs:ff_rtmom,crn65gplus_2d5_lk_v1d0.scs:ff_na25od33,crn65gplus_2d5_lk_v1d0.scs:ff_dio_na25,crn65gplus_2d5_lk_v1d0.scs:ff_rfres_rpo,crn65gplus_2d5_lk_v1d0.scs:ff_hvt,crn65gplus_2d5_lk_v1d0.scs:ff_rfind,crn65gplus_2d5_lk_v1d0.scs:ff_rfmvar_25,crn65gplus_2d5_lk_v1d0.scs:ff_na25,crn65gplus_2d5_lk_v1d0.scs:ff_lvt,pre_simu.scs:pre_simu,VDD=1.1,ICP=9e-05,DVCO=1,temperature=-40) X","freq(VT("/DIV") "rising" ?xName "time" ?mode "auto" ?threshold 0.5) (modelFiles=crn65gplus_2d5_lk_v1d0.scs:ff_bip,crn65gplus_2d5_lk_v1d0.scs:ff_dio,crn65gplus_2d5_lk_v1d0.scs:ff_dio_33,crn65gplus_2d5_lk_v1d0.scs:ff_mim,crn65gplus_2d5_lk_v1d0.scs:ff_dio_dnw,crn65gplus_2d5_lk_v1d0.scs:ff_dio_18,crn65gplus_2d5_lk_v1d0.scs:ff_bip_npn,crn65gplus_2d5_lk_v1d0.scs:ff_33,crn65gplus_2d5_lk_v1d0.scs:ff_rfrtmom,crn65gplus_2d5_lk_v1d0.scs:ff_mos_cap_25,crn65gplus_2d5_lk_v1d0.scs:ff_18,crn65gplus_2d5_lk_v1d0.scs:ff_disres,crn65gplus_2d5_lk_v1d0.scs:ff_res,crn65gplus_2d5_lk_v1d0.scs:ff_dio_na,crn65gplus_2d5_lk_v1d0.scs:ff_rfmos_33,crn65gplus_2d5_lk_v1d0.scs:ff_dio_hvt,crn65gplus_2d5_lk_v1d0.scs:ff_rfmvar,crn65gplus_2d5_lk_v1d0.scs:ff_rfmos_18,crn65gplus_2d5_lk_v1d0.scs:ff_na,crn65gplus_2d5_lk_v1d0.scs:ff_dio_na33,crn65gplus_2d5_lk_v1d0.scs:ff_dio_lvt,crn65gplus_2d5_lk_v1d0.scs:ff_rfres_sa,crn65gplus_2d5_lk_v1d0.scs:ff_na33,crn65gplus_2d5_lk_v1d0.scs:ff_dio_esd,crn65gplus_2d5_lk_v1d0.scs:ff_rfmim,crn65gplus_2d5_lk_v1d0.scs:ff_dio_25od33,crn65gplus_2d5_lk_v1d0.scs:ff_25od33,crn65gplus_2d5_lk_v1d0.scs:ff,crn65gplus_2d5_lk_v1d0.scs:ff_mos_cap,crn65gplus_2d5_lk_v1d0.scs:ff_dio_25,crn65gplus_2d5_lk_v1d0.scs:ff_dio_25ud18,crn65gplus_2d5_lk_v1d0.scs:ff_25,crn65gplus_2d5_lk_v1d0.scs:ff_rfmos,crn65gplus_2d5_lk_v1d0.scs:ff_25ud18,crn65gplus_2d5_lk_v1d0.scs:ff_dio_na25od33,crn65gplus_2d5_lk_v1d0.scs:ff_rfjvar,crn65gplus_2d5_lk_v1d0.scs:ff_rfmos_25,crn65gplus_2d5_lk_v1d0.scs:ff_rtmom,crn65gplus_2d5_lk_v1d0.scs:ff_na25od33,crn65gplus_2d5_lk_v1d0.scs:ff_dio_na25,crn65gplus_2d5_lk_v1d0.scs:ff_rfres_rpo,crn65gplus_2d5_lk_v1d0.scs:ff_hvt,crn65gplus_2d5_lk_v1d0.scs:ff_rfind,crn65gplus_2d5_lk_v1d0.scs:ff_rfmvar_25,crn65gplus_2d5_lk_v1d0.scs:ff_na25,crn65gplus_2d5_lk_v1d0.scs:ff_lvt,pre_simu.scs:pre_simu,VDD=1.1,ICP=9e-05,DVCO=1,temperature=-40) Y"
4.670367187808765e-09,127756640.8464741,1.230132846491994e-09,307812255.3342738,4.642975349954347e-09,118208255.5524276
1.24977489456127e-08,127758411.8991952,4.478866393224997e-09,127856020.630202,1.310262138166895e-08,118210112.6990138
2.032502219623064e-08,127758409.9326558,1.230016409255118e-08,127854630.527105,2.156213450764148e-08,118213454.3230735
2.8152295567331e-08,127757166.5732081,2.012154682915845e-08,127861655.4400449,3.002140850252055e-08,118215470.0075337
3.597964511509178e-08,127756968.3835018,2.794249984715614e-08,127858985.0363668,3.848053825885676e-08,118217568.2020669
4.38070068054396e-08,127757739.0321618,3.576361620996452e-08,127858664.3807234,4.693951787761122e-08,118219558.4030435
5.163432128028531e-08,127757893.3735889,4.358475218728328e-08,127858749.4479939,5.539835509125332e-08,118220903.4437809
5.946162629912908e-08,127756464.8900483,5.140588296102628e-08,127860724.1691491,6.385709606573372e-08,118221886.2251929
6.728901883742947e-08,127756527.5569179,5.922689294277082e-08,127860257.0840199,7.231576672249492e-08,118223412.970808
7.511640753625335e-08,127756943.2333561,6.704793149537498e-08,127860411.0341879,8.077432814337796e-08,118225946.8246322
8.294377076749031e-08,127757315.8677626,7.486896063106747e-08,127860398.8642623,8.923270827784478e-08,118226985.8784199
9.077111116837246e-08,127756503.0121113,8.268999051117607e-08,127860578.8828788,9.769101407469865e-08,115431490.6416896
9.859850137100817e-08,122599631.5499716,9.051100937982993e-08,127861281.2333661,1.063541613184962e-07,113441223.9387857
1.067551327356987e-07,117541747.9202355,9.833198528710908e-08,118887618.1295201,1.151692989314297e-07,117027131.1818774
1.152627482654474e-07,117391912.3969273,1.067432901457073e-07,108009616.6507608,1.237143259683298e-07,120909361.5293705
1.237812226610155e-07,117354557.1886212,1.160017250055717e-07,107459657.2036927,1.319849841485658e-07,123598367.1753609
1.323024085779179e-07,117337196.2118819,1.253075428912967e-07,107398695.7516515,1.400757059182249e-07,125369146.9536777
1.408248552724362e-07,117329246.4271302,1.346186429284182e-07,107416240.3415546,1.480521500777236e-07,126542451.2080674
1.493478794156201e-07,117326434.4553604,1.439282221579674e-07,107794907.8514319,1.559546364801385e-07,127343635.3447267
1.578711078307858e-07,117325783.1647397,1.532050982176255e-07,109941532.2245952,1.638074042866562e-07,127917368.3896925
1.663943835594965e-07,117325350.4650243,1.623008419258098e-07,115127817.9681144,1.716249509778417e-07,128307783.8738552
1.749176907223258e-07,117328216.3675652,1.709868399552083e-07,120728354.2872328,1.794187104038726e-07,128576209.7573131
1.834407896916922e-07,117331068.277931,1.79269898279857e-07,124723140.1824491,1.871961989601732e-07,128752893.7824546
1.919636814941535e-07,117341344.3382858,1.872876566407928e-07,126936025.9730022,1.949630146846386e-07,128855373.1967314
2.004858269122005e-07,117404837.3144084,1.951656407854413e-07,127944919.6824294,2.027236534161973e-07,128899923.8417267
2.090033635220594e-07,118006312.1931109,2.029815040685016e-07,128279572.2157279,2.104816099005462e-07,128892084.2346382
2.174774864856137e-07,119880773.3783443,2.107769775232953e-07,128270143.6260866,2.18240038247314e-07,128837572.2202885
2.258191076798981e-07,122917814.4507003,2.185730239900012e-07,128104625.257419,2.26001749235551e-07,128738528.748715
2.33954624931558e-07,125424409.2041658,2.263791433864754e-07,127879020.4344106,2.337694316047655e-07,128601619.7942873
2.419275546534927e-07,126707722.3100725,2.341990343787817e-07,127644705.4047973,2.415453834286975e-07,128427062.3266013
2.498197334549777e-07,127061337.4629093,2.42033280200641e-07,127420638.8306282,2.493319042902968e-07,128219275.8902173
2.576899481085257e-07,126920989.0494931,2.498813023827401e-07,127214303.3386267,2.571310436401104e-07,127982172.1993577
2.655688655948214e-07,126603731.6353189,2.577420536800069e-07,127030229.9058606,2.649446319142827e-07,127725672.2986775
2.734675269303379e-07,126290078.4572307,2.656141956161513e-07,126862892.2377478,2.727739115101777e-07,127456987.6758841
2.813858053273116e-07,126058561.6813334,2.734967212496198e-07,126713097.7364663,2.80619695552579e-07,127186480.3629672
2.893186262849862e-07,125918973.2638127,2.813885652488863e-07,126579261.5526754,2.88482166446861e-07,126921065.6084322
2.972602412305346e-07,125848198.9552492,2.892887535398715e-07,126454895.0428917,2.963610791805843e-07,126668073.7786418
3.052063223687764e-07,125818352.0197935,2.971967115486209e-07,126345416.6979319,3.042557283227789e-07,126429293.0809433
3.131542884957105e-07,125805814.9101094,3.051115218055756e-07,126243449.4150574,3.121652876949078e-07,126220815.7379466
3.211030466728625e-07,125795921.0716681,3.130327248829111e-07,126151433.005639,3.200879111873446e-07,125999906.9157044
3.290524300191658e-07,125778050.0150832,3.209597057833603e-07,126068567.9735908,3.280244249870652e-07,125765138.6503023
3.370029428461661e-07,125755511.3271045,3.288918970985617e-07,125990633.6479812,3.359757540336666e-07,125533894.1092791
3.449548806137195e-07,125730724.2724854,3.368289950481919e-07,125920480.2952243,3.439417301319583e-07,125392868.1859526
3.529083860578843e-07,125703271.1081068,3.447705149475401e-07,125858007.3113713,3.519166653453154e-07,125284094.0371769
3.608636285204292e-07,125675582.4181667,3.527159768324244e-07,125797555.6035129,3.598985245564557e-07,125190014.5618626
3.688206236722213e-07,125649178.853399,3.606652568895965e-07,125743129.8217616,3.678863820824715e-07,125107692.2064333
3.767792908845773e-07,125624472.5123681,3.686179776578602e-07,125692809.3333016,3.758794957141253e-07,125036461.4642331
3.847395233138243e-07,125598823.6171414,3.765738822581646e-07,125648369.3811091,3.838771628608884e-07,124976535.0190101
3.927013813249173e-07,125574457.2362564,3.845326007431364e-07,125606527.7280799,3.918786649016346e-07,124925822.4292919
4.006647842494356e-07,125549882.9111611,3.924939704114777e-07,125565449.158492,3.998834150850164e-07,124885984.3932794
4.086297458791298e-07,125523456.7717863,4.004579446313108e-07,125529375.2179988,4.07890718745697e-07,124853738.0888951
4.165963843522727e-07,125498610.6073555,4.084242074941934e-07,125495579.587052,4.159000904738226e-07,124829368.6482212
4.245646000572949e-07,125475499.9849596,4.163926156508037e-07,125462297.7593504,4.239110258076228e-07,124811070.1167245
4.325342833828833e-07,125451785.6327095,4.243631376152436e-07,125433575.747684,4.319231356234011e-07,124798306.4819202
4.405054732304933e-07,125429183.9670856,4.323354846845128e-07,125406273.4954702,4.399360648705209e-07,124791973.1090536
4.484780994437231e-07,125407276.1037985,4.403095674167943e-07,125378814.1358164,4.479494007853727e-07,124789609.2472941
4.564521184246657e-07,125386911.1432385,4.482853965621932e-07,125349738.3511435,4.55962888495061e-07,124790662.519579
4.644274325215065e-07,125366105.0976916,4.562630757592466e-07,125329206.9374247,4.639763085684027e-07,124796099.9596899
4.724040702197165e-07,125345685.5825969,4.642420618586263e-07,125308518.5230794,4.719893794922778e-07,124805797.3717566
4.803820073569389e-07,125327998.6642755,4.722223652872062e-07,125286160.0259681,4.800018278004386e-07,124822218.9939
4.883610703808268e-07,125309361.7819825,4.802040928762131e-07,125266351.2596017,4.880132219901932e-07,124863841.5494594
4.963413201066201e-07,125296497.72995,4.881870826411788e-07,125245511.9813738,4.960219456334097e-07,124914250.0069945
5.04322389155775e-07,125283172.5620187,4.961714006752551e-07,125229692.3768165,5.040274374003139e-07,124942850.1986582
5.123043070745998e-07,125268214.3830355,5.041567273259906e-07,125211834.8775966,5.120310966606077e-07,124958941.7272605
5.202871781079673e-07,125252394.5577077,5.121431928304501e-07,125191299.9988443,5.200337252534669e-07,124968607.5996587
5.282710574064925e-07,125240477.6697589,5.201309683388858e-07,125175545.6582748,5.280357348717827e-07,124975172.3520054
5.362556963874844e-07,125228499.8217215,5.281197491725637e-07,125161436.1851942,5.360373241569201e-07,124980300.3746963
5.442410990827465e-07,125215898.5031043,5.361094305830611e-07,125145095.0567928,5.440385851316653e-07,124984350.7026672
5.522273054028266e-07,125204094.4211616,5.441001552658478e-07,125130013.3838032,5.520395868120994e-07,124988102.3879022
5.602142646522278e-07,125195516.4624647,5.520918430548738e-07,125117452.238598,5.600403483317558e-07,124990265.763671
5.682017711401284e-07,125182708.9021631,5.600843331680277e-07,125105087.9758603,5.680409713713994e-07,124992535.2088954
5.761900948373057e-07,125170901.2004869,5.680776131870862e-07,125093831.3067962,5.76041449146562e-07,124994253.5740767
5.841791720941538e-07,125161974.8824793,5.760716124878788e-07,125082920.6411975,5.840418169347288e-07,124995552.700391
5.921688191170532e-07,125154187.5435128,5.840663090849348e-07,125073909.4051287,5.920421015720307e-07,124996604.4620939
6.001589632714573e-07,125145469.608223,5.920615816782051e-07,125065133.9366278,6.000423188923601e-07,124998012.7124854
6.081496640385772e-07,125137288.7360006,6.000574152772537e-07,125058119.6018245,6.080424460807831e-07,124998222.615976
6.161408871991626e-07,125129452.1793618,6.080536973514119e-07,125051704.0757244,6.160425598349781e-07,124999287.2845475
6.241326108308348e-07,125121412.6370316,6.16050389658735e-07,125045373.0266973,6.240426054490271e-07,124999584.3338142
6.321248479621477e-07,125114259.2552451,6.240474868387042e-07,125040834.6945606,6.320426320517515e-07,124999931.0190667
6.401175420479585e-07,125106724.7690321,6.320448742717194e-07,125035915.0211049,6.400426364665337e-07,125000244.7051696
6.481107174895358e-07,125100094.3390959,6.40042576370602e-07,125032171.0744608,6.480426208054335e-07,125000373.9526361
6.561043165773942e-07,125093923.0812568,6.480405179516089e-07,125028033.6883156,6.560425968725364e-07,125000470.3596061
6.640983100134338e-07,125087231.8234784,6.56038724197841e-07,125025857.8919849,6.640425667696348e-07,125000371.8928779
6.720927310700224e-07,125082223.4641033,6.64037069635022e-07,125022205.5867824,6.720425429685615e-07,125000622.4890378
6.800874722275218e-07,125076893.5384301,6.720356487298842e-07,125020213.5576485,6.800425031294614e-07,125000861.18201
6.880825540664607e-07,125071400.7426577,6.800343552713579e-07,125018022.947346,6.880424480141925e-07,125000420.4852178
6.960779870276503e-07,125066715.8698936,6.88033201969015e-07,125016953.0308612,6.960424211032291e-07,125000616.30285
7.040737194896772e-07,125062311.8948005,6.960321171221714e-07,125015098.9538267,7.040423816600412e-07,125000459.0037894
7.120697335153988e-07,125057880.5771524,7.040311509058373e-07,125013252.6570084,7.120423522839065e-07,125000521.0684959
7.200660308729497e-07,125054185.4741012,7.120303028257033e-07,125012421.704431,7.200423189356618e-07,125000515.6294025
7.280625645052215e-07,125050728.9985931,7.200295079156128e-07,125011522.4949989,7.280422859355162e-07,125000619.8648342
7.360593191663738e-07,125047484.4920237,7.280287705439038e-07,125010377.0278953,7.360422462643635e-07,125000231.9272153
7.440562813128918e-07,125044345.6967248,7.360281064692475e-07,125009638.201179,7.440422314210493e-07,125000391.594973
7.520534441948132e-07,125041489.7294949,7.440274896719306e-07,125009432.3301253,7.520422063590495e-07,125000373.6998151
7.600507897331887e-07,125038300.1721834,7.520268860483512e-07,125008286.6544981,7.600421824423328e-07,125000226.9319823
7.680483392729933e-07,125035340.1519017,7.600263557376193e-07,125007243.2817289,7.680421679187123e-07,125000286.3434696
7.760460781425412e-07,125032376.4119906,7.680258921944492e-07,125006771.5500864,7.760421495927723e-07,125000316.6748317
7.840440065887296e-07,125030036.6606352,7.760254588387196e-07,125006689.1606914,7.840421293256344e-07,125000147.5659535
7.920420847042649e-07,125028006.517501,7.840250307553435e-07,125005660.7464897,7.920421198814245e-07,125000134.0525265
8.000402926886498e-07,125026102.6085611,7.92024668483974e-07,125005509.8229549,8.00042111302072e-07,124999976.779389
8.080386224704783e-07,125024225.4214495,8.000243158708476e-07,125005199.2128313,8.080421127881914e-07,125000041.5535565
8.160370723439252e-07,125022920.6815778,8.080239831350661e-07,125004839.0889285,8.160421101287646e-07,125000230.6950194
8.240356056892381e-07,125021501.2685503,8.160236734453636e-07,125005075.88009,8.240420953643107e-07,125000078.7718246
8.320342298447101e-07,125019809.9651016,8.240233486022287e-07,125003465.7503205,8.320420903229171e-07,124999913.7546227
8.400329622078383e-07,125019060.5598895,8.320231268003579e-07,125003729.6931182,8.40042095842625e-07,125000045.1628392
8.480317425179892e-07,125017691.131127,8.400228881071204e-07,125003386.0881583,8.480420929522044e-07,124999938.8564575
8.560306104458181e-07,125016815.1356663,8.480226714033485e-07,125002876.5650544,8.56042096865393e-07,125000296.2741268
8.640295344218834e-07,125016102.3868152,8.560224873074215e-07,125003073.7208944,8.640420779038938e-07,124999994.9435747
8.72028504001865e-07,125014502.8747586,8.640222905941214e-07,125002644.733279,8.72042078227505e-07,125000109.0855118
8.800275759255586e-07,125014250.3671312,8.720221213347727e-07,125003031.7286012,8.800420712460384e-07,124999808.8643999
8.880266640060237e-07,125013250.9042762,8.800219273088481e-07,125002308.6342975,8.880420834787355e-07,125000001.5948362
8.960258160380408e-07,125012652.164252,8.880217795589818e-07,125001516.1360176,8.96042083376666e-07,125000013.0940708
9.040250063814799e-07,125011875.4593236,8.960216825274536e-07,125002374.2354202,9.040420825386455e-07,125000068.5711024
9.12024246424282e-07,125011299.9704141,9.040215305792728e-07,125001283.7549402,9.120420781500974e-07,125000007.1847247
9.200235232915465e-07,125010807.5387979,9.120214484198004e-07,125001781.6521304,9.20042077690275e-07,125000002.8686514
9.280228316688613e-07,125010340.5598511,9.200213343956893e-07,125001968.7462402,9.280420775066814e-07,124999999.1009363
9.36022169927773e-07,125009309.5933515,9.280212083979144e-07,125000860.1787104,9.360420775642214e-07,124999989.1262425
9.440215741581695e-07,125009207.8346581,9.360211533468557e-07,125001600.0110512,9.44042078260142e-07,124999986.9879264
9.520209849001577e-07,125008358.8253988,9.440210509474592e-07,125001097.3363418,9.520420790929148e-07,125000020.1981149
9.600204499711032e-07,125008150.3093032,9.520209807185498e-07,125001507.6498756,9.600420778002356e-07,124999983.1493411
9.680199283853165e-07,125007711.8234832,9.600208842301216e-07,125000385.7361999,9.680420788786779e-07,124999957.4604785
9.760194348590615e-07,125007263.5008541,9.680208595430809e-07,125001591.7593599,9.760420816012082e-07,124999990.6599046
9.840189700220176e-07,125006939.4490965,9.760207576717792e-07,125000799.5874654,9.840420821989744e-07,125000002.5430714
9.920185259219299e-07,125006374.0692678,9.840207064985087e-07,125000848.5215447,9.920420820362178e-07,125000184.7124373
1.000018118002298e-06,128462044.4626797,9.920206521934985e-07,125000670.053386,1.000042070214639e-06,130561216.9198368
1.007802518477806e-06,128058104.2072045,1.000020609310312e-06,129676331.2466261,1.007701312550087e-06,130305162.6712338
1.015611473687559e-06,126929245.1075239,1.007732116802748e-06,129250787.7997842,1.015375605567341e-06,129116424.9083459
1.023489878693063e-06,125982269.3872613,1.01546901355226e-06,127909655.7773438,1.023120553591652e-06,127877658.2582715
1.031427503605392e-06,125326005.713638,1.023287031620737e-06,126657371.2983672,1.030940527882864e-06,126750327.4269554
1.03940669351339e-06,124915032.6116764,1.031182347856571e-06,125673967.0690562,1.038830053853329e-06,125806729.4478962
1.047412135125119e-06,124674796.9302772,1.039139445283522e-06,124990148.7935205,1.046778754247883e-06,125064403.7514008
1.055433002410423e-06,124545276.2146757,1.047140075810429e-06,124557433.0692061,1.054774634530395e-06,124513573.8419688
1.063462210987361e-06,124485554.0389977,1.055168500733447e-06,124311949.5963823,1.062805887422303e-06,124128667.5916855
1.071495271592022e-06,124468757.7556532,1.063212779688502e-06,124195015.9571118,1.07086204414582e-06,123880037.3398085
1.07952941620816e-06,124477947.1601117,1.071264632593334e-06,124157923.5186406,1.078934369772078e-06,123737564.7988358
1.087562967715189e-06,124500830.0725124,1.079318891006007e-06,124167550.5508508,1.087015989946402e-06,123677021.1692959
1.095595042677401e-06,124531708.5515786,1.087372524951137e-06,124205201.0340558,1.095101566317385e-06,123674180.1247507
1.103625126032323e-06,124564959.2469823,1.095423717587795e-06,124253356.6615728,1.103187328430312e-06,123708928.9870246
1.111653065880296e-06,124597850.1138776,1.103471789904455e-06,124305292.5621325,1.111270819316446e-06,123768848.8314565
1.119678886543221e-06,124628733.882014,1.111516499662087e-06,124354925.9861189,1.119350396766195e-06,123840760.2883658
1.127702718358336e-06,124657992.6610802,1.11955799855785e-06,124404115.3990292,1.127425282592731e-06,123920193.0496733
1.135724666880472e-06,124685066.6695205,1.127596317843289e-06,124449346.0833609,1.135494992422824e-06,124002579.691229
1.143744873523586e-06,124709037.7951961,1.13563171562939e-06,124490094.119359,1.143559340781464e-06,124079642.573743
1.151763538551234e-06,124731222.5000611,1.143664483273065e-06,124527205.8855785,1.151618680567244e-06,124155021.7779265
1.159780777378501e-06,124750976.9307659,1.151694856980469e-06,124561166.9996304,1.159673127223366e-06,124224052.5562068
1.167796746668706e-06,124769291.0696493,1.159723041237951e-06,124592385.4724967,1.167723098057698e-06,124289792.7029631
1.175811539342664e-06,124786272.6265406,1.167749213914617e-06,124621251.8806232,1.175768811050316e-06,124348383.4132741
1.183825241322471e-06,124800865.6661995,1.175773527463945e-06,124650025.7392052,1.183810733048421e-06,124404090.3545941
1.191838006255325e-06,124813850.4890417,1.183795988703482e-06,124676512.8368495,1.191849053952096e-06,124455719.1181588
1.199849937592126e-06,124826656.1133473,1.191816745598637e-06,124700204.8465537,1.199884040267595e-06,124504594.4939915
1.207861047006865e-06,124839021.3018845,1.199835978616181e-06,124723208.1428768,1.207915872378403e-06,124551427.0520931
1.215871362928694e-06,124850371.1916454,1.20785373260832e-06,124744010.3911358,1.215944684441566e-06,124596708.7318692
1.223880950649222e-06,124861130.0621394,1.215870149563848e-06,124763220.1989286,1.223970578625914e-06,124640899.8020941
1.231889848210075e-06,124871139.0126594,1.223885332230707e-06,124783183.063779,1.231993627252712e-06,124692322.9318924
1.239898103823877e-06,124880789.5666209,1.231899232625353e-06,124801551.7928398,1.240013367173238e-06,124788190.3595161
1.247905740574656e-06,124889878.9643458,1.239911953506099e-06,124818327.10184,1.248026945999239e-06,124889681.9659658
1.255912794535254e-06,124898023.2357473,1.247923597494759e-06,124834438.8044614,1.256034012589996e-06,124943204.7367032
1.263919326376935e-06,124905331.9088131,1.255934207464067e-06,124850316.7659117,1.264037649139157e-06,124970587.6362934
1.271925389726817e-06,124912507.1183032,1.263943798676198e-06,124865692.86219,1.272039531973463e-06,124984482.2858074
1.279930993193353e-06,124918475.4432833,1.271952403578616e-06,124880470.0720142,1.280040525230476e-06,124993652.3128286
1.287936214170085e-06,124924114.8000692,1.279960060816159e-06,124893858.5204284,1.288040931503086e-06,124998224.1942744
1.295941073773056e-06,124929377.3138826,1.287966859643953e-06,124906882.496877,1.296041045156267e-06,125001275.6405408
1.303945596180044e-06,124934250.5350519,1.295972823606948e-06,124917635.0299396,1.304040963516106e-06,125003117.8776153
1.311949806360337e-06,124938890.6510671,1.303978098440724e-06,124928960.565557,1.312040763976916e-06,125003957.5503888
1.319953719271593e-06,124942763.158407,1.311982647549857e-06,124937986.5347689,1.320040510701709e-06,125004254.6564959
1.327957384107564e-06,124946832.0237579,1.319986618381592e-06,124946098.60667,1.328040238412962e-06,125004521.9664693
1.335960788305998e-06,124950404.3283773,1.327990069558952e-06,124952916.1695478,1.336039949017577e-06,125003947.1316184
1.343963963688864e-06,124953492.1170155,1.335993084059574e-06,124958535.182842,1.34403969640913e-06,125003828.5022482
1.351966941301235e-06,124956445.1280171,1.343995738688462e-06,124963419.4704122,1.35203945139249e-06,125003735.4413526
1.359969729784658e-06,124959185.5402003,1.351998080527682e-06,124967474.091474,1.360039212331388e-06,125003757.2793165
1.367972342763263e-06,124961946.4711199,1.360000162727631e-06,124971704.9583718,1.368038971872739e-06,125003002.7001054
1.37597477893075e-06,124964239.2550666,1.3680019740203e-06,124973894.2628051,1.376038779704549e-06,125002724.498499
1.383977068273374e-06,124966374.9404722,1.376003645136486e-06,124977310.8988462,1.384038605340445e-06,125002078.5775672
1.39197922085623e-06,124968365.3064964,1.384005097502583e-06,124979429.1231733,1.392038472313693e-06,125002046.9552021
1.39998124598913e-06,124970461.6616361,1.392006414255394e-06,124981641.4473776,1.400038341310705e-06,125002257.5157753
1.407983136889618e-06,124972225.2190156,1.40000758937535e-06,124983662.9577719,1.408038196832305e-06,125001627.971775
1.415984914870665e-06,124973971.6153642,1.408008635082722e-06,124984521.9228496,1.416038092643468e-06,125001332.4619968
1.423986581034222e-06,124975687.017369,1.416009625802336e-06,124986597.213154,1.424038007366809e-06,125000913.8380397
1.431988137367823e-06,124977203.2453583,1.424010483672677e-06,124986829.0695026,1.432037948881603e-06,125001126.8406108
1.439989596626251e-06,124978540.4863464,1.432011326701056e-06,124988754.7508665,1.440037876764454e-06,125001061.846734
1.447990970270947e-06,124979912.4306251,1.440012046461752e-06,124989144.8563365,1.44803780880684e-06,125000653.0833148
1.455992256082018e-06,124981037.4970002,1.448012741251283e-06,124990060.1329443,1.456037767009726e-06,125000591.6217639
1.463993469866341e-06,124982350.3167993,1.456013377453364e-06,124991172.173297,1.464037729146112e-06,125000693.2744685
1.471994599605582e-06,124983475.7204958,1.464013942474177e-06,124991658.3466681,1.472037684776792e-06,125000673.1737896
1.479995657299291e-06,124984489.0230693,1.472014476375619e-06,124991519.3713097,1.480037641693902e-06,125000343.6599931
1.487996650125012e-06,124985454.0318839,1.480015019172681e-06,124993012.8933065,1.488037619699723e-06,125000721.7688768
1.495997581175316e-06,124986163.0563119,1.488015466372506e-06,124993310.5041089,1.496037573506781e-06,125000447.3012015
1.503998466837751e-06,124987335.6293886,1.496015894523156e-06,124993247.371266,1.504037544879607e-06,125000079.228098
1.511999277439596e-06,124988082.181558,1.504016326714743e-06,124994327.0009161,1.512037539809012e-06,125000314.9619488
1.520000040252705e-06,124988518.3913477,1.512016689803163e-06,124995037.8044097,1.520037519651498e-06,125000304.928218
1.52800077514316e-06,124989255.3452264,1.520017007396288e-06,124995076.3041009,1.52803750013614e-06,125000097.6289421
1.53600146286018e-06,124990257.658698,1.528017322525238e-06,124995610.3424383,1.536037493887892e-06,125000039.8842073
1.544002086418623e-06,124990431.7206469,1.536017603473188e-06,124995985.3027292,1.544037491335304e-06,125000300.1096294
1.55200269883538e-06,124991370.4102068,1.544017860422066e-06,124996350.7830539,1.552037472128334e-06,124999998.1807128
1.560003251167258e-06,124991330.4821795,1.552018093978769e-06,124996021.0094555,1.560037472244768e-06,125000194.4634109
1.568003806054883e-06,124992198.5020626,1.560018348642271e-06,124996660.3445349,1.568037459799129e-06,124999977.7054852
1.576004305381915e-06,124992345.1876407,1.568018562385931e-06,124996786.0357581,1.576037461225978e-06,125000010.2849798
1.584004795319909e-06,124993035.1246689,1.576018768084931e-06,124997518.0342581,1.58403746056774e-06,124999940.5245583
1.592005241096768e-06,124993071.0393635,1.584018926933893e-06,124996875.3075044,1.59203746437417e-06,125000013.5081029
1.600005684574832e-06,124994223.5284719,1.592019126919212e-06,124998232.5387385,1.600037463509651e-06,125000045.4889587
1.608006054286095e-06,124993488.1921195,1.600019240038332e-06,124997720.2027065,1.608037460598359e-06,125000201.6039841
1.616006471063511e-06,124994799.4248962,1.60801938594802e-06,124997512.1174421,1.616037447695725e-06,125000095.0467648
1.624006803914166e-06,124994764.885118,1.616019545175673e-06,124998568.4642221,1.624037441612736e-06,125000018.9422012
1.632007138975551e-06,124994721.84793,1.624019636795012e-06,124998168.43856,1.632037440400436e-06,124999996.802749
1.640007476791548e-06,124995223.41164,1.632019754016661e-06,124997839.9056804,1.64003744060506e-06,125000036.4779615
1.648007782504885e-06,124995524.7374604,1.640019892265087e-06,124999027.9315227,1.648037438270471e-06,125000051.2570755
1.656008068931942e-06,124995842.9885778,1.648019954477953e-06,124998376.5260427,1.656037434990019e-06,125000043.2017563
1.664008334989521e-06,124996071.0036762,1.656020058381636e-06,124998774.1138745,1.664037432225108e-06,125000011.558997
1.67200858645319e-06,124996370.5915956,1.664020136839117e-06,124998705.7751882,1.672037431485332e-06,125000030.9661993
1.680008818742072e-06,124996195.4190833,1.672020219670363e-06,124998427.4264484,1.680037429503496e-06,125000006.3913442
1.688009062242662e-06,124996839.3825342,1.680020320316337e-06,124999595.1443718,1.68803742909445e-06,125000013.1315835
1.696009264527295e-06,124996654.7436967,1.688020346227181e-06,124999033.6730862,1.696037428254029e-06,124999999.5141378
1.704009478629428e-06,124996984.0910585,1.696020408072581e-06,124999232.6673897,1.704037428285124e-06,125000008.5185321
1.712009671652257e-06,124997159.6908204,1.70402045718217e-06,124999058.8460978,1.712037427739938e-06,125000010.307949
1.720009853436175e-06,124997396.5277757,1.712020517416473e-06,124999117.8563747,1.720037427080229e-06,125000013.7406665
1.728010020061868e-06,124997591.6680641,1.720020573874063e-06,124999434.2088123,1.728037426200827e-06,125000031.7942605
1.736010174198082e-06,124997684.1886926,1.728020610084863e-06,124999405.167836,1.736037424165995e-06,124999999.9845256
1.744010322412751e-06,124997778.2619879,1.736020648154303e-06,124999506.788879,1.744037424166985e-06,125000005.7395225
1.752010464606512e-06,124997670.3894473,1.744020679719939e-06,124999417.9440365,1.752037423799655e-06,124999998.1991754
1.760010613704366e-06,124998024.8055025,1.752020716971694e-06,124998733.7132234,1.760037423914908e-06,124999999.0900953
1.768010740118811e-06,124997982.2817471,1.760020798014869e-06,124999680.5351875,1.768037423973142e-06,125000007.0002915
1.776010869254864e-06,124998223.6577605,1.768020818460669e-06,124999993.0050109,1.776037423525124e-06,125000006.0211875
1.784010982942383e-06,124997953.0807594,1.776020818908349e-06,124999581.2911433,1.784037423139768e-06,125000015.2647736
1.792011113947359e-06,124998366.3687214,1.784020845705805e-06,124999397.6716927,1.792037422162822e-06,124999993.8929992
1.800011218501128e-06,124998551.2283922,1.792020884255003e-06,124999418.6316653,1.80003742255367e-06,124999995.3897294
1.808011311223585e-06,124998512.9134192,1.800020921462749e-06,125000277.5926467,1.808037422848728e-06,124999985.5241893
1.816011406398259e-06,124998646.5788843,1.808020903696859e-06,124999651.0077868,1.81603742377518e-06,124999997.2100329
1.824011493018148e-06,124998799.3784578,1.816020926032423e-06,124999125.9485921,1.824037423953737e-06,125000005.4267225
1.832011569858665e-06,124998750.2704586,1.824020981972105e-06,125000153.1271881,1.832037423606427e-06,125000053.7888194
1.840011649842155e-06,124998880.9268116,1.832020972171977e-06,124999963.201876,1.840037420163944e-06,124999996.4487952
1.84801172146348e-06,124998874.1212855,1.840020974527057e-06,124999926.4501514,1.848037420391221e-06,124999981.7366891
1.856011793520367e-06,124998962.0218421,1.84802097923425e-06,124998955.9748819,1.856037421560073e-06,124999993.2838965
1.864011859951521e-06,124999108.6787441,1.856021046052416e-06,124999828.0497992,1.864037421989904e-06,124999992.4139706
1.872011916996488e-06,124999124.3064995,1.864021057057244e-06,125000461.2109435,1.87203742247541e-06,124999995.1565241
1.880011973041264e-06,124999202.6922913,1.872021027539852e-06,124999559.7502608,1.880037422785392e-06,124999997.4427717
1.888012024069283e-06,124999007.4789168,1.880021055715935e-06,124999571.844712,1.888037422949055e-06,124999992.1639371
1.896012087591137e-06,124999266.2945479,1.888021083117967e-06,125000077.0974369,1.896037423450563e-06,124999995.7323972
1.904012134548561e-06,124999353.0232621,1.896021078183734e-06,124999985.5726191,1.90403742372369e-06,125000006.8055665
1.912012175955287e-06,124999337.7886077,1.904021079107087e-06,125000164.8844754,1.912037423288133e-06,125000000.158227
1.920012218337041e-06,124999354.795111,1.912021068554494e-06,124999977.9595421,1.920037423278007e-06,125000001.397456
1.928012259630367e-06,124999339.7881203,1.920021069965084e-06,124999284.3430524,1.92803742318857e-06,125000019.3089103
1.93601230188415e-06,124999416.3124048,1.928021115767391e-06,125000494.6586345,1.9360374219528e-06,124999993.6225541
1.944012339240331e-06,124999452.6205803,1.936021084109363e-06,124999850.077549,1.944037422360956e-06,124999995.0791992
1.952012374272767e-06,124999415.4132414,1.944021093704412e-06,124999504.1712966,1.952037422675888e-06,124999996.4557402
1.960012411686494e-06,124999473.886715,1.952021125437575e-06,124999744.0037259,1.96003742290272e-06,124999992.1471884
1.968012445357886e-06,124999495.3749695,1.96002114182137e-06,125000651.2062835,1.9680374234053e-06,124999996.216599
1.976012477654019e-06,124999570.908714,1.968021100144385e-06,124999504.8717939,1.976037423647438e-06,125000006.6547252
1.984012505115955e-06,124999695.9969126,1.976021131832715e-06,124999823.3798946,1.984037423221535e-06,125000070.5048162
1.9920125245722e-06,124999231.8126182,1.984021143136418e-06,125000527.0810509,1.99203741870923e-06,124999978.6626586
2.000012573736495e-06,121411776.4715661,1.992021109403373e-06,124999945.8088645,2.00003742007482e-06,119261355.0505658
2.008249007046852e-06,121581514.3361926,2.000021112871607e-06,120167619.6907868,2.00842236589047e-06,119857083.1972239
2.016473941614082e-06,122802801.9110399,2.008342822185424e-06,120650307.7281099,2.016765635836014e-06,121457469.7448746
2.024617078288801e-06,124080882.5911306,2.016631238674618e-06,122243901.1593415,2.024998970534164e-06,122786541.0322487
2.032676337532589e-06,125057005.154099,2.024811605879167e-06,123676110.8500227,2.033143185621528e-06,123781989.7379324
2.040672690865757e-06,125617227.6844942,2.032897241764117e-06,124700605.4014674,2.041221905329598e-06,124513473.4199941
2.048633382392175e-06,125823070.3876269,2.040916449022819e-06,125331591.4645107,2.049253164698831e-06,125048537.3272818
2.056581050470209e-06,125810602.5320154,2.048895283316032e-06,125669308.4394573,2.057250059515623e-06,125442725.3719965
2.064529506163723e-06,125696442.5661727,2.056852675716912e-06,125817518.5984918,2.065221825092579e-06,125730638.1826092
2.072485180800048e-06,125564447.5503214,2.064800694491557e-06,125856096.5221904,2.073175335982642e-06,125935920.0408591
2.080449218547271e-06,125452873.4460191,2.07274627700709e-06,125837257.4640492,2.081115882251535e-06,126077991.9328387
2.088420339275967e-06,125373052.6382123,2.080693049053403e-06,125790928.4511642,2.089047480658755e-06,126166899.5268101
2.096396534949257e-06,125325768.4121584,2.088642747909376e-06,125737941.2261391,2.096973489808147e-06,126215939.1793313
2.104375739965669e-06,125299730.2100937,2.096595796847894e-06,125685165.5983162,2.104896419404061e-06,126232067.9428898
2.11235660311935e-06,125284536.957167,2.104552185298668e-06,125636017.0169166,2.112818336681471e-06,126219898.7883719
2.120338434112124e-06,125279894.9336687,2.112511686274135e-06,125589635.1305989,2.120741017729383e-06,126187424.9468216
2.128320560857437e-06,125273814.1128862,2.120474126796875e-06,125548782.4723055,2.128665737648356e-06,126140865.549639
2.136303075057083e-06,125263581.9697367,2.128439158239698e-06,125512262.8368035,2.136593382631944e-06,126082597.0576861
2.144286241307603e-06,125251622.2589421,2.136406507225352e-06,125477082.3908154,2.144524691340175e-06,126017055.7440074
2.152270169834553e-06,125241156.9347111,2.144376090044352e-06,125447414.4240046,2.152460125112183e-06,125945740.8781759
2.16025476550961e-06,125229379.5659577,2.152347557647662e-06,125418120.8732533,2.160400052203225e-06,125872501.6539923
2.168240112106918e-06,125216213.2070206,2.160320887123796e-06,125391198.2103546,2.168344599160343e-06,125797681.1967639
2.176226298355393e-06,125203969.72971,2.168295928548333e-06,125362269.3354699,2.176293871281153e-06,125725303.513373
2.184213265559059e-06,125195331.9132162,2.176272810311091e-06,125337437.8106917,2.184247719647831e-06,125648331.7446117
2.192200783821267e-06,125181940.4160152,2.184251272432763e-06,125318541.2556267,2.192206440516745e-06,125583339.1818015
2.200189156558394e-06,125169754.0945684,2.192230937612237e-06,125295904.6488774,2.20016928022554e-06,125515995.461968
2.208178307030356e-06,125161562.8038374,2.20021204443933e-06,125275442.7364138,2.208136392276235e-06,125450599.021008
2.21616798035816e-06,125152826.9608053,2.208194454863566e-06,125254630.5351862,2.216107657521709e-06,125379513.2157898
2.224158211376379e-06,125144989.7014355,2.216178191638225e-06,125235941.1219126,2.224083442196187e-06,125314116.8852704
2.232148942786288e-06,125136590.3396074,2.22416311985485e-06,125220043.2169419,2.232063389107639e-06,125252173.5385542
2.24014021054647e-06,125128553.922717,2.23214906183594e-06,125200706.9034722,2.240047282494465e-06,125194113.2634562
2.248131991548092e-06,125121091.0828788,2.240136237186083e-06,125181906.7975266,2.24803487850783e-06,125140488.7396916
2.256124249219003e-06,125113748.7357493,2.248124612068545e-06,125167783.2892362,2.256025897322533e-06,125091950.8367961
2.264116975918545e-06,125106029.7557957,2.256113888332144e-06,125152282.5644702,2.264020016794734e-06,125046565.5435883
2.272110195765358e-06,125099567.6025145,2.26410415410684e-06,125136290.5734163,2.272017037709726e-06,125010702.6967655
2.280103828510576e-06,125093194.0598712,2.272095441010245e-06,125122921.5871184,2.280016352795776e-06,124989743.4874126
2.288097868534219e-06,125087243.3751998,2.280087581757244e-06,125110711.1311657,2.288017009266447e-06,124979720.6541541
2.296092288852528e-06,125081916.3343446,2.288080502514857e-06,125098800.1594288,2.296018307355176e-06,124976301.2919202
2.304087049640547e-06,125076413.9481582,2.29607418429858e-06,125087725.6267913,2.304019824360101e-06,124975867.5250276
2.312082162135653e-06,125070967.4268471,2.304068573795944e-06,125077393.1737503,2.312021369136734e-06,124976027.7462637
2.320077622797496e-06,125066273.6909073,2.312063623697655e-06,125068693.9736546,2.32002290365526e-06,124977113.5360743
2.328073383528894e-06,125061600.0545125,2.320059229698071e-06,125061706.9948554,2.328024368657181e-06,124977911.1624693
2.336069443067266e-06,125057720.590248,2.328055282399008e-06,125053706.3656029,2.33602578259264e-06,124978774.2673343
2.344065750654516e-06,125053865.4002642,2.336051846667775e-06,125048899.9785444,2.344027141270242e-06,124979092.2437765
2.352062304753818e-06,125050640.5935689,2.344048718292967e-06,125042889.4095996,2.352028479590491e-06,124980162.2769812
2.360059065068306e-06,125047380.1861056,2.352045974312255e-06,125037518.5153173,2.360029749406286e-06,124981071.088083
2.368056033885339e-06,125044197.7167389,2.360043573847769e-06,125033867.3624584,2.368030961040128e-06,124981797.431764
2.376053206231275e-06,125040744.8876939,2.368041406923676e-06,125029717.0105112,2.376032126174163e-06,124983512.2297213
2.38405059940818e-06,125038165.9056779,2.376039505487043e-06,125026729.8656484,2.384033181530664e-06,124984099.0690465
2.392048157535787e-06,125034941.9088032,2.38403779514138e-06,125023855.0644621,2.392034199319716e-06,124985547.7102727
2.400045921878569e-06,125032309.5110741,2.39203626870856e-06,125021136.40566,2.400035124373211e-06,124986966.7729691
2.408043854604201e-06,125030112.1047976,2.400034916207294e-06,125019215.4616426,2.408035958586721e-06,124987816.9847234
2.416041927893632e-06,125027665.4859882,2.408033686606767e-06,125017066.6872669,2.416036738375701e-06,124989200.5455032
2.424040157694317e-06,125026008.7883846,2.416032594487893e-06,125016035.8310897,2.424037429600507e-06,124990233.0480565
2.432038493478134e-06,125024189.3870931,2.424031568326346e-06,125013654.1691421,2.432038054734277e-06,124991423.5941159
2.440036945656887e-06,125022366.9571574,2.432030694554966e-06,125013245.9075227,2.440038603661916e-06,124992144.8491767
2.448035514427727e-06,125021474.9114474,2.440029846906708e-06,125012373.7313017,2.448039106423163e-06,124993331.1104895
2.456034140269473e-06,125019927.2396467,2.448029055066289e-06,125010958.5376594,2.456039533254863e-06,124993775.1235746
2.464032865129416e-06,125019168.250943,2.456028353781359e-06,125009524.5783502,2.464039931666795e-06,124994474.7238493
2.472031638549447e-06,125017420.877152,2.464027744254788e-06,125009688.9146383,2.4720402853001e-06,124994811.7485157
2.480030523768673e-06,125016671.5634523,2.472027124212312e-06,125008153.8770412,2.480040617361978e-06,124995907.8060805
2.488029456930899e-06,125015838.9623174,2.48002660239822e-06,125007681.3027096,2.488040879270963e-06,124996472.6916804
2.496028443365741e-06,125014659.4056583,2.488026110825053e-06,125007685.9368737,2.496041105025066e-06,124997170.6643988
2.504027505273794e-06,125014246.2765931,2.496025618955337e-06,125006717.021759,2.504041286106643e-06,124997456.669165
2.512026593615994e-06,125013042.8264957,2.504025189089044e-06,125005888.429169,2.512041448883128e-06,124997840.479446
2.520025758962188e-06,125012614.7145894,2.512024812247329e-06,125005542.4833881,2.520041587094831e-06,124998551.5908312
2.528024951701921e-06,125012109.0061086,2.52002445754412e-06,125005283.5240616,2.528041679794092e-06,124998642.6011814
2.536024176800596e-06,125011069.3904536,2.528024119412872e-06,125005632.7057961,2.53604176666856e-06,124998764.677789
2.544023468422338e-06,125010783.9806487,2.536023758935945e-06,125003702.7582397,2.544041845729963e-06,124999274.6229717
2.552022778307114e-06,125010225.5888173,2.544023521966437e-06,125004814.4893178,2.552041892154362e-06,124999320.6564848
2.560022123922961e-06,125009605.1277001,2.552023213850988e-06,125003242.4976467,2.560041935632583e-06,124999236.7294916
2.568021509242021e-06,125008898.2375596,2.560023006336522e-06,125004130.0464182,2.568041984482194e-06,124999716.2138198
2.576020939795354e-06,125008428.3628653,2.568022742022284e-06,125003236.502361,2.576042002644551e-06,124999538.9526715
2.584020400416499e-06,125008112.7039767,2.576022534891496e-06,125002379.2216924,2.584042032151689e-06,124999442.4986658
2.59201988123714e-06,125007627.3158997,2.584022382624206e-06,125002929.5070858,2.592042067831933e-06,124999954.4185703
2.600019393118707e-06,125007206.3236115,2.592022195140146e-06,125003004.0212723,2.600042070749146e-06,124999851.6047193
2.608018931940583e-06,125006898.0770689,2.600022002887405e-06,125002487.4261782,2.608042080246455e-06,124999765.035822
2.616018490488012e-06,125006362.0042579,2.608021843695298e-06,125002117.2225952,2.616042095284191e-06,124999950.485753
2.624018083340462e-06,125005957.957403,2.616021708195347e-06,125001638.593677,2.624042098453104e-06,124999846.2694635
2.632017702049362e-06,125005804.0833871,2.624021603326726e-06,125002006.9474037,2.63204210829187e-06,125000070.0235289
2.640017330605272e-06,125005705.1694592,2.632021474884154e-06,125001944.0681621,2.640042103810367e-06,125000003.6713359
2.648016965491091e-06,125005014.6378375,2.640021350465727e-06,125000912.3501649,2.648042103575402e-06,124999998.4632479
2.656016644567144e-06,125005058.4076032,2.648021292075743e-06,125002026.1706955,2.656042103673754e-06,125000009.4127442
2.664016320842158e-06,125004642.3338214,2.65602116240292e-06,125001361.3734823,2.664042103071338e-06,125000059.0680133
2.672016023743827e-06,125004390.3931289,2.664021075275966e-06,125001312.3170426,2.672042099290987e-06,125000035.0711548
2.680015742768535e-06,125004387.3693795,2.672020991288557e-06,125001121.3338778,2.680042097046434e-06,125000038.4245867
2.68801546198675e-06,125003939.3190995,2.680020919523833e-06,125001365.1878276,2.688042094587261e-06,124999884.3297681
2.696015209878273e-06,125003801.6557035,2.688020832152766e-06,125000422.1813251,2.696042101990163e-06,125000041.5349333
2.704014966579707e-06,125003525.6600119,2.696020805133252e-06,125001238.159628,2.704042099331928e-06,125000045.1849133
2.712014740943831e-06,125003647.7189515,2.704020725891821e-06,125000595.2969192,2.712042096440094e-06,125000000.859471
2.72001450749663e-06,125003117.1799067,2.712020687793e-06,125000932.4060835,2.720042096385088e-06,125000012.7134337
2.728014308002091e-06,125002966.5370961,2.720020628119455e-06,125000793.4254339,2.728042095571429e-06,125000197.7395428
2.736014118148223e-06,125002852.3720295,2.72802057734055e-06,125000000.5041406,2.736042082916118e-06,125000023.0972731
2.744013935600578e-06,125002825.785912,2.736020577308285e-06,125001221.7141796,2.744042081437893e-06,124999888.8949497
2.752013754754368e-06,125002488.1841838,2.744020499119342e-06,124999991.8213917,2.752042088548622e-06,125000010.0908802
2.76001359551375e-06,125002830.4931864,2.752020499642773e-06,125001156.575253,2.760042087902806e-06,124999999.6970241
2.768013414366288e-06,125002286.3758258,2.760020425622641e-06,124999817.3904095,2.768042087922196e-06,125000190.5587722
2.776013268040912e-06,125002094.9454339,2.768020437309672e-06,125001013.7622178,2.776042075726454e-06,124999809.506793
2.784013133966651e-06,125002050.7957059,2.776020372429416e-06,125000431.3425916,2.784042087918037e-06,124999982.8411569
2.792013002717879e-06,125002004.8408776,2.784020344823586e-06,124999847.5660296,2.792042089016204e-06,125000016.9434775
2.800012874410121e-06,125001906.3789583,2.792020354579372e-06,125000871.8319773,2.800042087931821e-06,125000143.064489
2.808012752403728e-06,125001704.3310216,2.800020298782514e-06,125000395.910188,2.808042078775704e-06,125000112.7655291
2.81601264332803e-06,125002101.7758987,2.808020273444343e-06,125000068.537719,2.816042071558717e-06,124999955.9287429
2.824012508816634e-06,125001630.0778747,2.816020269057931e-06,125000697.1300266,2.824042074379278e-06,124999836.1887581
2.832012404493011e-06,125001563.3387813,2.824020224441858e-06,125000201.1992202,2.832042084863212e-06,125000046.3472088
2.84001230444058e-06,125001431.5234993,2.832020211565129e-06,125000240.6480464,2.840042081896991e-06,125000068.0476702
2.848012212824125e-06,125001322.4911617,2.840020196163684e-06,125000174.1015688,2.848042077541943e-06,124999985.6819061
2.856012128185586e-06,125001458.0069936,2.848020185021199e-06,124999636.1757818,2.856042078458301e-06,125000044.8590635
2.864012034874227e-06,125001192.743108,2.856020208306016e-06,125000141.1409059,2.864042075587322e-06,124999959.1554664
2.872011958539397e-06,125001184.2687395,2.864020199273009e-06,125000720.3074667,2.872042078201373e-06,124999996.5112274
2.880011882746915e-06,125001114.1506585,2.872020153173596e-06,124999599.2468006,2.880042078424654e-06,125000226.977393
2.888011811441909e-06,125000922.9255861,2.880020178821883e-06,125000678.6291941,2.888042063898128e-06,124999763.4598702
2.896011752375107e-06,125000898.0088159,2.888020135389851e-06,125000291.0545761,2.896042079036725e-06,125000047.8966913
2.904011694902956e-06,125000907.41336,2.896020116762401e-06,125000156.8546883,2.904042075971337e-06,124999953.238244
2.912011636828923e-06,125000907.245976,2.904020106723714e-06,125000087.2447958,2.912042078964091e-06,125000003.0535048
2.920011578765602e-06,125000910.178718,2.912020101140051e-06,124999525.5311312,2.920042078768667e-06,124999982.3067652
2.928011520514588e-06,125000886.1786474,2.920020131506174e-06,125000866.9680479,2.928042079901034e-06,124999949.0083567
2.936011463799556e-06,125000752.5456823,2.928020076020603e-06,124999409.7005939,2.9360420831645e-06,125000045.6773773
2.944011415636923e-06,125000718.8204899,2.936020113799944e-06,125000074.7533134,2.944042080241149e-06,124999966.7344944
2.952011369632676e-06,125000667.4307752,2.944020109015735e-06,125000080.7478524,2.952042082370142e-06,125000299.3139142
2.960011326917334e-06,125000656.4479899,2.952020103847875e-06,125000050.1554057,2.960042063214098e-06,124999744.5362758
2.968011284904884e-06,125000546.453913,2.960020100637931e-06,125000030.5230752,2.968042079563809e-06,124999996.9028412
2.976011249931986e-06,125000592.2431644,2.968020098684454e-06,124999985.0973146,2.976042079762028e-06,124999948.0642069
2.984011212028603e-06,125000614.2805472,2.976020099638226e-06,125000359.0725556,2.98404208308592e-06,124999994.4130873
2.992011172714841e-06,125000563.9325203,2.984020076657649e-06,125000367.9831029,2.992042083443482e-06,125000001.9173622
3.000011136623323e-06,125000512.2256305,2.9920200531068e-06,125000008.5206463,3.000042083320771e-06,125000006.9059035
3.008011103841017e-06,125000464.9504265,3.000020052561478e-06,125000041.8664279,3.008042082878793e-06,125000138.9237855
3.0160110740843e-06,125000700.1951489,3.008020049882028e-06,124999627.8037045,3.016042073987681e-06,124999879.0867962
3.024011029272062e-06,125000371.8320897,3.016020073702662e-06,125000585.9436482,3.024042081726133e-06,124999985.2675351
3.032011005474879e-06,125000426.4988534,3.024020036202444e-06,124999444.4304991,3.032042082669011e-06,124999989.9772292
3.040010978179045e-06,125000370.7240383,3.03202007175905e-06,125000582.5162628,3.040042083310468e-06,125000222.1778687
3.048010954452777e-06,125000345.4772495,3.040020034478183e-06,124999495.4382252,3.04804206909111e-06,124999827.7625367
3.056010932342294e-06,125000278.5071155,3.048020066770267e-06,124999992.1869923,3.056042080114323e-06,124999964.7046869
3.064010914517879e-06,125000302.6349611,3.056020067270299e-06,125000652.9451874,3.064042082373224e-06,124999998.0382888
3.072010895149288e-06,125000350.3943957,3.064020025482026e-06,124999958.3935277,3.072042082498773e-06,124999998.4993129
3.08001087272411e-06,125000352.3781051,3.072020028144841e-06,124999482.1330081,3.080042082594817e-06,125000002.6035648
3.088010850171974e-06,125000306.0766978,3.080020061288466e-06,125000315.379151,3.088042082428189e-06,125000134.5716678
3.096010830583114e-06,125000338.8223994,3.088020041104251e-06,125000399.1178759,3.096042073815612e-06,124999827.4616821
3.104010808898539e-06,125000238.7169031,3.096020015560788e-06,124999602.2880199,3.104042084858079e-06,125000212.2198435
3.112010793620686e-06,125000270.1954689,3.104020041014436e-06,124999707.8125358,3.112042071276032e-06,124999954.0530759
3.120010776328214e-06,125000234.3457069,3.112020059714477e-06,125000635.5906733,3.120042074216636e-06,125000048.1726059
3.128010761330117e-06,125000150.5604041,3.120020019036881e-06,125000049.826128,3.128042071133591e-06,124999990.6603016
3.136010751694262e-06,125000175.3790569,3.12802001584801e-06,124999617.5494069,3.136042071731332e-06,124999962.1394094
3.144010740470018e-06,125000165.211967,3.136020040324923e-06,125000382.3958057,3.14404207415441e-06,124999991.7763733
3.152010729896467e-06,125000174.1254248,3.144020015851666e-06,125000118.77465,3.152042074680722e-06,125000078.1131068
3.160010718752455e-06,125000186.0533043,3.152020008250096e-06,124999774.2695787,3.160042069681487e-06,124999784.9743103
3.168010706845061e-06,125000248.9252054,3.160020022696869e-06,125000124.2943972,3.168042083443154e-06,125000000.8477846
3.17601069091388e-06,125000168.8177761,3.168020014742036e-06,124999598.9402163,3.176042083388896e-06,125000005.679188
3.184010680109557e-06,125000112.4136392,3.176020040409944e-06,125000400.2156045,3.184042083025428e-06,125000054.0142991
3.19201067291509e-06,125000102.1173735,3.184020014796227e-06,125000110.0968477,3.192042079568514e-06,125000255.9512066
3.200010666379584e-06,125000087.7334352,3.192020007750035e-06,125000042.2204018,3.200042063187671e-06,125000006.894773
3.208010660764648e-06,125000123.5494104,3.200020005047931e-06,124999796.2923663,3.208042062746405e-06,124999993.0218755
3.216010652857493e-06,125000127.7786147,3.20802001808524e-06,124999969.3929522,3.216042063193005e-06,124999772.1905968
3.22401064467967e-06,125000114.1617132,3.216020020044092e-06,125000199.4365522,3.224042077772834e-06,124999981.2669003
3.232010637373327e-06,125000137.391976,3.224020007280173e-06,124999947.5344809,  ,  
3.240010628580251e-06,125000100.0998503,3.232020010637968e-06,125000196.7468898,  ,  
3.248010622173865e-06,125000046.3237566,3.240019998046186e-06,124999878.9375996,  ,  
3.256010619209146e-06,125000087.2027948,3.248020005794188e-06,124999464.5687898,  ,  
3.264010613628171e-06,125000059.2241587,3.256020040061932e-06,125000394.4445603,  ,  
3.272010609837827e-06,125000038.5445279,3.26402001481756e-06,124999500.6335394,  ,  
3.280010607370978e-06,125000048.2574152,3.272020046777141e-06,125000636.8252628,  ,  
3.288010604282504e-06,125000071.1754884,3.280020006020532e-06,125000184.6569796,  ,  
3.296010599727275e-06,125000090.2154703,3.288019994202502e-06,124999809.7197285,  ,  
3.30401059395349e-06,125000123.4417907,3.296020006380458e-06,124999821.6886128,  ,  
3.312010586053223e-06,125000077.1622317,3.304020017792403e-06,124999718.2948314,  ,  
3.320010581114843e-06,125000020.5640614,3.312020035821575e-06,125000407.7142041,  ,  
3.328010579798743e-06,125000054.1303097,3.320020009727951e-06,125000049.6759119,  ,  
3.336010576334405e-06,125000105.4021794,3.328020006548694e-06,125000041.1521007,  ,  
3.344010569588671e-06,125000100.9025079,3.33602000391496e-06,125000029.6492147,  ,  
3.352010563130916e-06,125000080.828989,3.344020002017411e-06,124999652.0639582,  ,  
3.360010557957864e-06,125000023.6031703,3.352020024285379e-06,125000302.6272452,  ,  
3.368010556447261e-06,125000041.4493102,3.360020004917283e-06,124999988.8711698,  ,  
3.376010553794506e-06,125000038.5289571,3.368020005629528e-06,124999998.4367119,  ,  
3.384010551328654e-06,124999970.9477136,3.376020005729578e-06,124999980.6716017,  ,  
3.392010553188001e-06,124999993.9111541,3.384020006966596e-06,124999900.6017393,  ,  
3.400010553577687e-06,124999997.0263293,3.39202001332809e-06,125000255.1916929,  ,  
3.408010553768002e-06,125000032.7453996,3.400019996995855e-06,124999855.7293366,  ,  
3.416010551672297e-06,125000090.4031281,3.408020006229188e-06,125000023.9551722,  ,  
3.424010545886501e-06,125000042.6978839,3.416020004696057e-06,124999783.4134854,  ,  
3.432010543153837e-06,124999970.9281325,3.424020018557618e-06,124999553.9002063,  ,  
3.440010545014437e-06,124999999.7993629,3.432020047108107e-06,125000096.1007632,  ,  
3.448010545027278e-06,125000035.045585,3.440020040957663e-06,125000488.5262861,  ,  
3.456010542784361e-06,125000063.2105643,3.448020009692102e-06,124999990.7314193,  ,  
3.464010538738887e-06,125000056.6464497,3.456020010285292e-06,124999911.3304542,  ,  
3.472010535113516e-06,125000052.8768388,3.464020015960147e-06,125000343.6268892,  ,  
3.480010531729399e-06,124999952.3448962,3.472019993968086e-06,124999818.9772152,  ,  
3.488010534779327e-06,124999993.8607491,3.480020005553561e-06,124999439.1763941,  ,  
3.496010535172239e-06,125000010.0484756,3.488020041446433e-06,125000631.0405515,  ,  
3.504010534529137e-06,124999995.1720221,3.496020001060042e-06,125000081.133286,  ,  
3.512010534838128e-06,125000020.8414912,3.504019995867515e-06,124999376.2904781,  ,  
3.520010533504272e-06,125000074.6611058,3.512020035785123e-06,125000652.8415969,  ,  
3.528010528725964e-06,125000020.1013298,3.520019994003479e-06,124999777.0958727,  ,  
3.53601052743948e-06,125000028.5472772,3.528020008269369e-06,124999809.3397163,  ,  
3.544010525612454e-06,125000003.7475159,3.536020020471646e-06,125000222.8005063,  ,  
3.552010525372613e-06,125000041.8464233,3.544020006212439e-06,124999926.2048827,  ,  
3.560010522694443e-06,125000008.7910947,3.552020010935329e-06,124999982.1343544,  ,  
3.568010522131813e-06,124999946.1471546,3.56002001207873e-06,124999956.8742163,  ,  
3.576010525578397e-06,125000006.7751825,3.568020014838782e-06,124999628.3075075,  ,  
3.584010525144785e-06,124999987.3321642,3.576020038627172e-06,125000373.6300867,  ,  
3.592010525955526e-06,125000013.286703,3.584020014714918e-06,125000099.7982995,  ,  
3.600010525105178e-06,125000027.2967583,3.592020008327832e-06,125000157.9952475,  ,  
3.608010523358185e-06,125000030.1252011,3.600019998216149e-06,124999932.4546487,  ,  
3.616010521430173e-06,125000018.8627025,3.608020002539053e-06,125000122.7260729,  ,  
3.62401052022296e-06,125000002.9444228,3.616019994684592e-06,124999947.9386674,  ,  
3.632010520034517e-06,125000015.2338602,3.624019998016519e-06,124999848.3482427,  ,  
3.64001051905955e-06,125000035.8624494,3.632020007722243e-06,124999898.4643279,  ,  
3.648010516764354e-06,125000000.760785,3.640020014220532e-06,125000093.5375781,  ,  
3.656010516715664e-06,124999981.4986233,3.648020008234131e-06,125000049.443024,  ,  
3.664010517899752e-06,125000012.4468895,3.656020005069779e-06,124999948.3280707,  ,  
3.672010517103151e-06,125000004.1148239,3.664020008376784e-06,125000020.625769,  ,  
3.680010516839803e-06,125000018.769509,3.672020007056735e-06,124999916.0955837,  ,  
3.688010515638554e-06,125000019.9259873,3.680020012426621e-06,125000097.0182535,  ,  
3.696010514363291e-06,124999965.1905593,3.688020006217458e-06,124999919.7487592,  ,  
3.704010516591096e-06,124999988.7495809,3.69602001135354e-06,125000105.2571644,  ,  
3.712010517311123e-06,125000017.4566737,3.704020004617087e-06,124999997.109193,  ,  
3.720010516193896e-06,124999997.342213,3.712020004802099e-06,124999955.9093207,  ,  
3.728010516363994e-06,124999891.8426589,3.720020007623904e-06,125000046.8827723,  ,  
3.73601052328607e-06,125000020.4569117,3.728020004623407e-06,124999982.1708231,  ,  
3.744010521976828e-06,125000056.7769393,3.736020005764475e-06,125000106.2033482,  ,  
3.752010518343106e-06,125000072.2460334,3.744019998967466e-06,124999883.2842534,  ,  
3.760010513719362e-06,125000048.8301356,3.752020006437281e-06,124999991.2557392,  ,  
3.768010510594235e-06,124999929.3655163,3.760020006996914e-06,124999382.5367546,  ,  
3.776010515114844e-06,124999990.3216539,3.768020046514757e-06,125000554.1725025,  ,  
3.784010515734258e-06,125000005.6369157,3.776020011047874e-06,124999557.4102727,  ,  
3.792010515373496e-06,125000011.6714969,3.784020039373717e-06,125000027.5759153,  ,  
3.80001051462652e-06,125000010.3555714,3.792020037608858e-06,125000398.7446959,  ,  
3.808010513963764e-06,125000009.852361,3.800020012089279e-06,124999565.9460087,  ,  
3.816010513333212e-06,124999965.9560252,3.808020039868831e-06,125000188.6842693,  ,  
3.824010515512027e-06,125000037.2043092,3.816020027793056e-06,125000248.4825892,  ,  
3.832010513130952e-06,124999952.8779244,3.824020011890202e-06,124999453.4393629,  ,  
3.840010516146766e-06,124999944.0909177,3.832020046870236e-06,125000116.359503,  ,  
3.848010519724949e-06,125000013.5626969,3.840020039423234e-06,125000512.3635458,  ,  
3.856010518856937e-06,125000042.316024,3.848020006632102e-06,124999971.7191816,  ,  
3.864010516148712e-06,125000015.1561118,3.856020008442075e-06,124999401.0855038,  ,  
3.872010515178721e-06,125000042.7918715,3.864020046772786e-06,125000642.025291,  ,  
3.880010512440042e-06,124999963.7411147,3.872020005683379e-06,124999912.022724,  ,  
3.888010514760612e-06,125000046.4788101,3.880020011313928e-06,125000081.320871,  ,  
3.896010511785969e-06,125000016.779795,3.888020006109396e-06,124999975.539153,  ,  
3.904010510712062e-06,124999997.1684919,3.89602000767489e-06,124999517.0298112,  ,  
3.912010510893279e-06,125000000.7825035,3.904020038585102e-06,125000516.5449319,  ,  
3.920010510843198e-06,124999911.8675716,3.912020005526363e-06,125000127.0341904,  ,  
3.928010516483678e-06,125000001.497836,3.920019997396183e-06,124999954.2706308,  ,  
3.936010516387816e-06,125000018.1945918,3.928020000322864e-06,124999929.1225769,  ,  
3.944010515223363e-06,125000041.036699,3.936020004859021e-06,124999975.8692839,  ,  
3.952010512597015e-06,124999951.4994852,3.944020006403387e-06,124999975.3923913,  ,  
3.960010515701049e-06,125000024.3936178,3.952020007978275e-06,124999998.6863881,  ,  
3.968010514139858e-06,125000039.8964463,3.960020008062346e-06,124999489.9287573,  ,  
3.976010511586486e-06,125000019.5649857,3.968020040707039e-06,125000030.8419634,  ,  
3.984010510334327e-06,124999925.4766602,  ,  ,  ,  
